{"type":"FeatureCollection","bbox":[0.0,0.0,-1.0,-1.0],"features":[{"type":"Feature","properties":{"sa2_name16":"Altona Meadows","state_rank":142,"national_percentile":37,"national_decile":4,"irsad_score":966,"national_rank":799,"sa2_main16":"213021342","state_percentile":32,"state_decile":4},"id":"sa2_seifa_irsad_2016.fid--4832820e_179207e8276_4fa4"},{"type":"Feature","properties":{"sa2_name16":"Cranbourne West","state_rank":164,"national_percentile":41,"national_decile":5,"irsad_score":976,"national_rank":891,"sa2_main16":"212031304","state_percentile":37,"state_decile":4},"id":"sa2_seifa_irsad_2016.fid--4832820e_179207e8276_4fa5"},{"type":"Feature","properties":{"sa2_name16":"Prahran - Windsor","state_rank":415,"national_percentile":90,"national_decile":9,"irsad_score":1106,"national_rank":1965,"sa2_main16":"206061136","state_percentile":92,"state_decile":10},"id":"sa2_seifa_irsad_2016.fid--4832820e_179207e8276_4fa6"},{"type":"Feature","properties":{"sa2_name16":"Collingwood","state_rank":215,"national_percentile":51,"national_decile":6,"irsad_score":999,"national_rank":1114,"sa2_main16":"206071141","state_percentile":48,"state_decile":5},"id":"sa2_seifa_irsad_2016.fid--4832820e_179207e8276_4fa7"},{"type":"Feature","properties":{"sa2_name16":"Hadfield","state_rank":95,"national_percentile":28,"national_decile":3,"irsad_score":947,"national_rank":604,"sa2_main16":"210031440","state_percentile":21,"state_decile":3},"id":"sa2_seifa_irsad_2016.fid--4832820e_179207e8276_4fa8"},{"type":"Feature","properties":{"sa2_name16":"Sunbury","state_rank":259,"national_percentile":60,"national_decile":6,"irsad_score":1021,"national_rank":1307,"sa2_main16":"210041240","state_percentile":57,"state_decile":6},"id":"sa2_seifa_irsad_2016.fid--4832820e_179207e8276_4fa9"},{"type":"Feature","properties":{"sa2_name16":"Sunbury - South","state_rank":200,"national_percentile":49,"national_decile":5,"irsad_score":995,"national_rank":1064,"sa2_main16":"210041241","state_percentile":44,"state_decile":5},"id":"sa2_seifa_irsad_2016.fid--4832820e_179207e8276_4faa"},{"type":"Feature","properties":{"sa2_name16":"Fitzroy","state_rank":260,"national_percentile":61,"national_decile":7,"irsad_score":1022,"national_rank":1311,"sa2_main16":"206071142","state_percentile":58,"state_decile":6},"id":"sa2_seifa_irsad_2016.fid--4832820e_179207e8276_4fab"},{"type":"Feature","properties":{"sa2_name16":"Hughesdale","state_rank":337,"national_percentile":76,"national_decile":8,"irsad_score":1058,"national_rank":1641,"sa2_main16":"208021180","state_percentile":75,"state_decile":8},"id":"sa2_seifa_irsad_2016.fid--4832820e_179207e8276_4fac"},{"type":"Feature","properties":{"sa2_name16":"Point Cook - South","state_rank":392,"national_percentile":86,"national_decile":9,"irsad_score":1088,"national_rank":1858,"sa2_main16":"213051466","state_percentile":87,"state_decile":9},"id":"sa2_seifa_irsad_2016.fid--4832820e_179207e8276_4faf"},{"type":"Feature","properties":{"sa2_name16":"Blackburn South","state_rank":316,"national_percentile":72,"national_decile":8,"irsad_score":1049,"national_rank":1553,"sa2_main16":"207031162","state_percentile":70,"state_decile":7},"id":"sa2_seifa_irsad_2016.fid--4832820e_179207e8276_4fb0"},{"type":"Feature","properties":{"sa2_name16":"Surrey Hills (East) - Mont Albert","state_rank":442,"national_percentile":96,"national_decile":10,"irsad_score":1133,"national_rank":2088,"sa2_main16":"207031167","state_percentile":98,"state_decile":10},"id":"sa2_seifa_irsad_2016.fid--4832820e_179207e8276_4fb1"},{"type":"Feature","properties":{"sa2_name16":"Brighton East","state_rank":440,"national_percentile":95,"national_decile":10,"irsad_score":1130,"national_rank":2074,"sa2_main16":"208011170","state_percentile":97,"state_decile":10},"id":"sa2_seifa_irsad_2016.fid--4832820e_179207e8276_4fb2"},{"type":"Feature","properties":{"sa2_name16":"Hampton Park - Lynbrook","state_rank":48,"national_percentile":17,"national_decile":2,"irsad_score":919,"national_rank":364,"sa2_main16":"212031305","state_percentile":11,"state_decile":2},"id":"sa2_seifa_irsad_2016.fid--4832820e_179207e8276_4fb8"},{"type":"Feature","properties":{"sa2_name16":"Cheltenham - Highett (West)","state_rank":387,"national_percentile":85,"national_decile":9,"irsad_score":1084,"national_rank":1838,"sa2_main16":"208011171","state_percentile":86,"state_decile":9},"id":"sa2_seifa_irsad_2016.fid--4832820e_179207e8276_4fc2"},{"type":"Feature","properties":{"sa2_name16":"Hampton","state_rank":417,"national_percentile":91,"national_decile":10,"irsad_score":1108,"national_rank":1969,"sa2_main16":"208011172","state_percentile":92,"state_decile":10},"id":"sa2_seifa_irsad_2016.fid--4832820e_179207e8276_4fc3"},{"type":"Feature","properties":{"sa2_name16":"Brunswick","state_rank":377,"national_percentile":83,"national_decile":9,"irsad_score":1082,"national_rank":1812,"sa2_main16":"206011105","state_percentile":83,"state_decile":9},"id":"sa2_seifa_irsad_2016.fid--4832820e_179207e8276_4fc4"},{"type":"Feature","properties":{"sa2_name16":"Brunswick East","state_rank":400,"national_percentile":87,"national_decile":9,"irsad_score":1091,"national_rank":1880,"sa2_main16":"206011106","state_percentile":88,"state_decile":9},"id":"sa2_seifa_irsad_2016.fid--4832820e_179207e8276_4fc5"},{"type":"Feature","properties":{"sa2_name16":"Pascoe Vale South","state_rank":338,"national_percentile":76,"national_decile":8,"irsad_score":1059,"national_rank":1643,"sa2_main16":"206011109","state_percentile":75,"state_decile":8},"id":"sa2_seifa_irsad_2016.fid--4832820e_179207e8276_4fc6"},{"type":"Feature","properties":{"sa2_name16":"Docklands","state_rank":431,"national_percentile":93,"national_decile":10,"irsad_score":1119,"national_rank":2022,"sa2_main16":"206041118","state_percentile":95,"state_decile":10},"id":"sa2_seifa_irsad_2016.fid--4832820e_179207e8276_4fc7"},{"type":"Feature","properties":{"sa2_name16":"East Melbourne","state_rank":454,"national_percentile":99,"national_decile":10,"irsad_score":1160,"national_rank":2151,"sa2_main16":"206041119","state_percentile":100,"state_decile":10},"id":"sa2_seifa_irsad_2016.fid--4832820e_179207e8276_4fc8"},{"type":"Feature","properties":{"sa2_name16":"Flemington Racecourse","state_rank":430,"national_percentile":93,"national_decile":10,"irsad_score":1118,"national_rank":2017,"sa2_main16":"206041120","state_percentile":95,"state_decile":10},"id":"sa2_seifa_irsad_2016.fid--4832820e_179207e8276_4fc9"},{"type":"Feature","properties":{"sa2_name16":"South Yarra - West","state_rank":448,"national_percentile":97,"national_decile":10,"irsad_score":1141,"national_rank":2111,"sa2_main16":"206041125","state_percentile":99,"state_decile":10},"id":"sa2_seifa_irsad_2016.fid--4832820e_179207e8276_4fca"},{"type":"Feature","properties":{"sa2_name16":"Bentleigh East (South)","state_rank":356,"national_percentile":80,"national_decile":8,"irsad_score":1070,"national_rank":1730,"sa2_main16":"208021427","state_percentile":79,"state_decile":8},"id":"sa2_seifa_irsad_2016.fid--4832820e_179207e8276_4fcb"},{"type":"Feature","properties":{"sa2_name16":"Bentleigh - McKinnon","state_rank":399,"national_percentile":86,"national_decile":9,"irsad_score":1090,"national_rank":1872,"sa2_main16":"208021174","state_percentile":88,"state_decile":9},"id":"sa2_seifa_irsad_2016.fid--4832820e_179207e8276_4fcc"},{"type":"Feature","properties":{"sa2_name16":"Aspendale Gardens - Waterways","state_rank":390,"national_percentile":85,"national_decile":9,"irsad_score":1086,"national_rank":1848,"sa2_main16":"208031183","state_percentile":86,"state_decile":9},"id":"sa2_seifa_irsad_2016.fid--4832820e_179207e8276_4fcd"},{"type":"Feature","properties":{"sa2_name16":"Murrumbeena","state_rank":389,"national_percentile":85,"national_decile":9,"irsad_score":1085,"national_rank":1844,"sa2_main16":"208021181","state_percentile":86,"state_decile":9},"id":"sa2_seifa_irsad_2016.fid--4832820e_179207e8276_4fce"},{"type":"Feature","properties":{"sa2_name16":"Braeside","state_rank":5,"national_percentile":3,"national_decile":1,"irsad_score":838,"national_rank":58,"sa2_main16":"208031184","state_percentile":2,"state_decile":1},"id":"sa2_seifa_irsad_2016.fid--4832820e_179207e8276_4fcf"},{"type":"Feature","properties":{"sa2_name16":"Southbank","state_rank":428,"national_percentile":92,"national_decile":10,"irsad_score":1117,"national_rank":2010,"sa2_main16":"206041126","state_percentile":95,"state_decile":10},"id":"sa2_seifa_irsad_2016.fid--4832820e_179207e8276_4fd0"},{"type":"Feature","properties":{"sa2_name16":"Chelsea Heights","state_rank":246,"national_percentile":57,"national_decile":6,"irsad_score":1012,"national_rank":1234,"sa2_main16":"208031187","state_percentile":55,"state_decile":6},"id":"sa2_seifa_irsad_2016.fid--4832820e_179207e8276_4fd1"},{"type":"Feature","properties":{"sa2_name16":"Carnegie","state_rank":368,"national_percentile":82,"national_decile":9,"irsad_score":1077,"national_rank":1783,"sa2_main16":"208021176","state_percentile":81,"state_decile":9},"id":"sa2_seifa_irsad_2016.fid--4832820e_179207e8276_4fd9"},{"type":"Feature","properties":{"sa2_name16":"Coburg","state_rank":302,"national_percentile":69,"national_decile":7,"irsad_score":1042,"national_rank":1499,"sa2_main16":"206011108","state_percentile":67,"state_decile":7},"id":"sa2_seifa_irsad_2016.fid--4832820e_179207e8276_4fe0"},{"type":"Feature","properties":{"sa2_name16":"Brunswick West","state_rank":319,"national_percentile":72,"national_decile":8,"irsad_score":1051,"national_rank":1564,"sa2_main16":"206011107","state_percentile":71,"state_decile":8},"id":"sa2_seifa_irsad_2016.fid--4832820e_179207e8276_4fe7"},{"type":"Feature","properties":{"sa2_name16":"Alphington - Fairfield","state_rank":402,"national_percentile":87,"national_decile":9,"irsad_score":1094,"national_rank":1892,"sa2_main16":"206021110","state_percentile":89,"state_decile":9},"id":"sa2_seifa_irsad_2016.fid--4832820e_179207e8276_4fe8"},{"type":"Feature","properties":{"sa2_name16":"Ormond - Glen Huntly","state_rank":375,"national_percentile":83,"national_decile":9,"irsad_score":1081,"national_rank":1810,"sa2_main16":"208021182","state_percentile":83,"state_decile":9},"id":"sa2_seifa_irsad_2016.fid--4832820e_179207e8276_4fe9"},{"type":"Feature","properties":{"sa2_name16":"Northcote","state_rank":404,"national_percentile":87,"national_decile":9,"irsad_score":1094,"national_rank":1894,"sa2_main16":"206021111","state_percentile":89,"state_decile":9},"id":"sa2_seifa_irsad_2016.fid--4832820e_179207e8276_4fea"},{"type":"Feature","properties":{"sa2_name16":"St Kilda East","state_rank":391,"national_percentile":85,"national_decile":9,"irsad_score":1086,"national_rank":1850,"sa2_main16":"206051134","state_percentile":86,"state_decile":9},"id":"sa2_seifa_irsad_2016.fid--4832820e_179207e8276_4feb"},{"type":"Feature","properties":{"sa2_name16":"Thornbury","state_rank":332,"national_percentile":75,"national_decile":8,"irsad_score":1057,"national_rank":1623,"sa2_main16":"206021112","state_percentile":73,"state_decile":8},"id":"sa2_seifa_irsad_2016.fid--4832820e_179207e8276_4fec"},{"type":"Feature","properties":{"sa2_name16":"Port Melbourne","state_rank":422,"national_percentile":92,"national_decile":10,"irsad_score":1113,"national_rank":1992,"sa2_main16":"206051130","state_percentile":93,"state_decile":10},"id":"sa2_seifa_irsad_2016.fid--4832820e_179207e8276_4fed"},{"type":"Feature","properties":{"sa2_name16":"Ascot Vale","state_rank":297,"national_percentile":68,"national_decile":7,"irsad_score":1040,"national_rank":1476,"sa2_main16":"206031113","state_percentile":66,"state_decile":7},"id":"sa2_seifa_irsad_2016.fid--4832820e_179207e8276_4fee"},{"type":"Feature","properties":{"sa2_name16":"Essendon - Aberfeldie","state_rank":388,"national_percentile":85,"national_decile":9,"irsad_score":1085,"national_rank":1843,"sa2_main16":"206031114","state_percentile":86,"state_decile":9},"id":"sa2_seifa_irsad_2016.fid--4832820e_179207e8276_4fef"},{"type":"Feature","properties":{"sa2_name16":"Flemington","state_rank":116,"national_percentile":32,"national_decile":4,"irsad_score":957,"national_rank":693,"sa2_main16":"206031115","state_percentile":26,"state_decile":3},"id":"sa2_seifa_irsad_2016.fid--4832820e_179207e8276_4ff0"},{"type":"Feature","properties":{"sa2_name16":"Moonee Ponds","state_rank":394,"national_percentile":86,"national_decile":9,"irsad_score":1089,"national_rank":1862,"sa2_main16":"206031116","state_percentile":87,"state_decile":9},"id":"sa2_seifa_irsad_2016.fid--4832820e_179207e8276_4ff1"},{"type":"Feature","properties":{"sa2_name16":"Carlton","state_rank":235,"national_percentile":55,"national_decile":6,"irsad_score":1008,"national_rank":1191,"sa2_main16":"206041117","state_percentile":52,"state_decile":6},"id":"sa2_seifa_irsad_2016.fid--4832820e_179207e8276_4ff2"},{"type":"Feature","properties":{"sa2_name16":"Kensington (Vic.)","state_rank":397,"national_percentile":86,"national_decile":9,"irsad_score":1089,"national_rank":1867,"sa2_main16":"206041121","state_percentile":88,"state_decile":9},"id":"sa2_seifa_irsad_2016.fid--4832820e_179207e8276_4ff3"},{"type":"Feature","properties":{"sa2_name16":"Melbourne","state_rank":308,"national_percentile":70,"national_decile":7,"irsad_score":1044,"national_rank":1516,"sa2_main16":"206041122","state_percentile":68,"state_decile":7},"id":"sa2_seifa_irsad_2016.fid--4832820e_179207e8276_4ff4"},{"type":"Feature","properties":{"sa2_name16":"Armadale","state_rank":433,"national_percentile":93,"national_decile":10,"irsad_score":1120,"national_rank":2030,"sa2_main16":"206061135","state_percentile":96,"state_decile":10},"id":"sa2_seifa_irsad_2016.fid--4832820e_179207e8276_4ff5"},{"type":"Feature","properties":{"sa2_name16":"North Melbourne","state_rank":313,"national_percentile":71,"national_decile":8,"irsad_score":1047,"national_rank":1540,"sa2_main16":"206041123","state_percentile":69,"state_decile":7},"id":"sa2_seifa_irsad_2016.fid--4832820e_179207e8276_4ff6"},{"type":"Feature","properties":{"sa2_name16":"Parkville","state_rank":408,"national_percentile":88,"national_decile":9,"irsad_score":1098,"national_rank":1914,"sa2_main16":"206041124","state_percentile":90,"state_decile":9},"id":"sa2_seifa_irsad_2016.fid--4832820e_179207e8276_4ff7"},{"type":"Feature","properties":{"sa2_name16":"Albert Park","state_rank":445,"national_percentile":96,"national_decile":10,"irsad_score":1136,"national_rank":2097,"sa2_main16":"206051128","state_percentile":98,"state_decile":10},"id":"sa2_seifa_irsad_2016.fid--4832820e_179207e8276_4ff8"},{"type":"Feature","properties":{"sa2_name16":"Elwood","state_rank":427,"national_percentile":92,"national_decile":10,"irsad_score":1116,"national_rank":2007,"sa2_main16":"206051129","state_percentile":94,"state_decile":10},"id":"sa2_seifa_irsad_2016.fid--4832820e_179207e8276_4ff9"},{"type":"Feature","properties":{"sa2_name16":"South Melbourne","state_rank":384,"national_percentile":84,"national_decile":9,"irsad_score":1083,"national_rank":1827,"sa2_main16":"206051132","state_percentile":85,"state_decile":9},"id":"sa2_seifa_irsad_2016.fid--4832820e_179207e8276_4ffa"},{"type":"Feature","properties":{"sa2_name16":"St Kilda","state_rank":382,"national_percentile":84,"national_decile":9,"irsad_score":1083,"national_rank":1825,"sa2_main16":"206051133","state_percentile":84,"state_decile":9},"id":"sa2_seifa_irsad_2016.fid--4832820e_179207e8276_4ffb"},{"type":"Feature","properties":{"sa2_name16":"South Yarra - East","state_rank":410,"national_percentile":89,"national_decile":9,"irsad_score":1101,"national_rank":1932,"sa2_main16":"206061137","state_percentile":91,"state_decile":10},"id":"sa2_seifa_irsad_2016.fid--4832820e_179207e8276_4ffc"},{"type":"Feature","properties":{"sa2_name16":"Toorak","state_rank":451,"national_percentile":97,"national_decile":10,"irsad_score":1144,"national_rank":2119,"sa2_main16":"206061138","state_percentile":100,"state_decile":10},"id":"sa2_seifa_irsad_2016.fid--4832820e_179207e8276_4ffd"},{"type":"Feature","properties":{"sa2_name16":"Abbotsford","state_rank":423,"national_percentile":92,"national_decile":10,"irsad_score":1114,"national_rank":1995,"sa2_main16":"206071139","state_percentile":93,"state_decile":10},"id":"sa2_seifa_irsad_2016.fid--4832820e_179207e8276_4ffe"},{"type":"Feature","properties":{"sa2_name16":"Carlton North - Princes Hill","state_rank":432,"national_percentile":93,"national_decile":10,"irsad_score":1120,"national_rank":2025,"sa2_main16":"206071140","state_percentile":95,"state_decile":10},"id":"sa2_seifa_irsad_2016.fid--4832820e_179207e8276_4fff"},{"type":"Feature","properties":{"sa2_name16":"Fitzroy North","state_rank":412,"national_percentile":89,"national_decile":9,"irsad_score":1104,"national_rank":1942,"sa2_main16":"206071143","state_percentile":91,"state_decile":10},"id":"sa2_seifa_irsad_2016.fid--4832820e_179207e8276_5000"},{"type":"Feature","properties":{"sa2_name16":"Richmond (Vic.)","state_rank":376,"national_percentile":83,"national_decile":9,"irsad_score":1081,"national_rank":1811,"sa2_main16":"206071144","state_percentile":83,"state_decile":9},"id":"sa2_seifa_irsad_2016.fid--4832820e_179207e8276_5001"},{"type":"Feature","properties":{"sa2_name16":"Yarra - North","state_rank":441,"national_percentile":96,"national_decile":10,"irsad_score":1130,"national_rank":2077,"sa2_main16":"206071145","state_percentile":97,"state_decile":10},"id":"sa2_seifa_irsad_2016.fid--4832820e_179207e8276_5002"},{"type":"Feature","properties":{"sa2_name16":"Ashburton (Vic.)","state_rank":424,"national_percentile":92,"national_decile":10,"irsad_score":1114,"national_rank":1999,"sa2_main16":"207011146","state_percentile":94,"state_decile":10},"id":"sa2_seifa_irsad_2016.fid--4832820e_179207e8276_5003"},{"type":"Feature","properties":{"sa2_name16":"Balwyn","state_rank":416,"national_percentile":91,"national_decile":10,"irsad_score":1107,"national_rank":1967,"sa2_main16":"207011147","state_percentile":92,"state_decile":10},"id":"sa2_seifa_irsad_2016.fid--4832820e_179207e8276_5004"},{"type":"Feature","properties":{"sa2_name16":"Camberwell","state_rank":447,"national_percentile":97,"national_decile":10,"irsad_score":1137,"national_rank":2104,"sa2_main16":"207011149","state_percentile":99,"state_decile":10},"id":"sa2_seifa_irsad_2016.fid--4832820e_179207e8276_5005"},{"type":"Feature","properties":{"sa2_name16":"Balwyn North","state_rank":418,"national_percentile":91,"national_decile":10,"irsad_score":1109,"national_rank":1974,"sa2_main16":"207011148","state_percentile":92,"state_decile":10},"id":"sa2_seifa_irsad_2016.fid--4832820e_179207e8276_5006"},{"type":"Feature","properties":{"sa2_name16":"Kew","state_rank":443,"national_percentile":96,"national_decile":10,"irsad_score":1133,"national_rank":2090,"sa2_main16":"207011153","state_percentile":98,"state_decile":10},"id":"sa2_seifa_irsad_2016.fid--4832820e_179207e8276_5007"},{"type":"Feature","properties":{"sa2_name16":"Glen Iris - East","state_rank":453,"national_percentile":99,"national_decile":10,"irsad_score":1154,"national_rank":2142,"sa2_main16":"207011150","state_percentile":100,"state_decile":10},"id":"sa2_seifa_irsad_2016.fid--4832820e_179207e8276_5008"},{"type":"Feature","properties":{"sa2_name16":"Hawthorn","state_rank":429,"national_percentile":93,"national_decile":10,"irsad_score":1118,"national_rank":2013,"sa2_main16":"207011151","state_percentile":95,"state_decile":10},"id":"sa2_seifa_irsad_2016.fid--4832820e_179207e8276_5009"},{"type":"Feature","properties":{"sa2_name16":"Hawthorn East","state_rank":438,"national_percentile":95,"national_decile":10,"irsad_score":1126,"national_rank":2058,"sa2_main16":"207011152","state_percentile":97,"state_decile":10},"id":"sa2_seifa_irsad_2016.fid--4832820e_179207e8276_500a"},{"type":"Feature","properties":{"sa2_name16":"Kew East","state_rank":434,"national_percentile":93,"national_decile":10,"irsad_score":1121,"national_rank":2032,"sa2_main16":"207011154","state_percentile":96,"state_decile":10},"id":"sa2_seifa_irsad_2016.fid--4832820e_179207e8276_500b"},{"type":"Feature","properties":{"sa2_name16":"Surrey Hills (West) - Canterbury","state_rank":452,"national_percentile":98,"national_decile":10,"irsad_score":1147,"national_rank":2127,"sa2_main16":"207011155","state_percentile":100,"state_decile":10},"id":"sa2_seifa_irsad_2016.fid--4832820e_179207e8276_500c"},{"type":"Feature","properties":{"sa2_name16":"Bulleen","state_rank":328,"national_percentile":73,"national_decile":8,"irsad_score":1053,"national_rank":1593,"sa2_main16":"207021156","state_percentile":73,"state_decile":8},"id":"sa2_seifa_irsad_2016.fid--4832820e_179207e8276_500d"},{"type":"Feature","properties":{"sa2_name16":"Doncaster","state_rank":322,"national_percentile":72,"national_decile":8,"irsad_score":1051,"national_rank":1570,"sa2_main16":"207021157","state_percentile":71,"state_decile":8},"id":"sa2_seifa_irsad_2016.fid--4832820e_179207e8276_500e"},{"type":"Feature","properties":{"sa2_name16":"Templestowe","state_rank":409,"national_percentile":88,"national_decile":9,"irsad_score":1098,"national_rank":1917,"sa2_main16":"207021159","state_percentile":90,"state_decile":9},"id":"sa2_seifa_irsad_2016.fid--4832820e_179207e8276_500f"},{"type":"Feature","properties":{"sa2_name16":"Templestowe Lower","state_rank":357,"national_percentile":80,"national_decile":8,"irsad_score":1072,"national_rank":1740,"sa2_main16":"207021160","state_percentile":79,"state_decile":8},"id":"sa2_seifa_irsad_2016.fid--4832820e_179207e8276_5010"},{"type":"Feature","properties":{"sa2_name16":"Doncaster East (North)","state_rank":393,"national_percentile":86,"national_decile":9,"irsad_score":1088,"national_rank":1860,"sa2_main16":"207021424","state_percentile":87,"state_decile":9},"id":"sa2_seifa_irsad_2016.fid--4832820e_179207e8276_5011"},{"type":"Feature","properties":{"sa2_name16":"Doncaster East (South)","state_rank":295,"national_percentile":68,"national_decile":7,"irsad_score":1039,"national_rank":1466,"sa2_main16":"207021425","state_percentile":65,"state_decile":7},"id":"sa2_seifa_irsad_2016.fid--4832820e_179207e8276_5012"},{"type":"Feature","properties":{"sa2_name16":"Blackburn","state_rank":383,"national_percentile":84,"national_decile":9,"irsad_score":1083,"national_rank":1826,"sa2_main16":"207031161","state_percentile":85,"state_decile":9},"id":"sa2_seifa_irsad_2016.fid--4832820e_179207e8276_5013"},{"type":"Feature","properties":{"sa2_name16":"Box Hill","state_rank":311,"national_percentile":71,"national_decile":8,"irsad_score":1046,"national_rank":1534,"sa2_main16":"207031163","state_percentile":69,"state_decile":7},"id":"sa2_seifa_irsad_2016.fid--4832820e_179207e8276_5014"},{"type":"Feature","properties":{"sa2_name16":"Caulfield - North","state_rank":425,"national_percentile":92,"national_decile":10,"irsad_score":1115,"national_rank":2001,"sa2_main16":"208021177","state_percentile":94,"state_decile":10},"id":"sa2_seifa_irsad_2016.fid--4832820e_179207e8276_5015"},{"type":"Feature","properties":{"sa2_name16":"Box Hill North","state_rank":354,"national_percentile":80,"national_decile":8,"irsad_score":1069,"national_rank":1727,"sa2_main16":"207031164","state_percentile":78,"state_decile":8},"id":"sa2_seifa_irsad_2016.fid--4832820e_179207e8276_5016"},{"type":"Feature","properties":{"sa2_name16":"Burwood","state_rank":296,"national_percentile":68,"national_decile":7,"irsad_score":1039,"national_rank":1470,"sa2_main16":"207031165","state_percentile":66,"state_decile":7},"id":"sa2_seifa_irsad_2016.fid--4832820e_179207e8276_5017"},{"type":"Feature","properties":{"sa2_name16":"Burwood East","state_rank":286,"national_percentile":66,"national_decile":7,"irsad_score":1036,"national_rank":1427,"sa2_main16":"207031166","state_percentile":63,"state_decile":7},"id":"sa2_seifa_irsad_2016.fid--4832820e_179207e8276_5018"},{"type":"Feature","properties":{"sa2_name16":"Bentleigh East (North)","state_rank":363,"national_percentile":81,"national_decile":9,"irsad_score":1075,"national_rank":1765,"sa2_main16":"208021426","state_percentile":80,"state_decile":8},"id":"sa2_seifa_irsad_2016.fid--4832820e_179207e8276_5019"},{"type":"Feature","properties":{"sa2_name16":"Beaumaris","state_rank":446,"national_percentile":97,"national_decile":10,"irsad_score":1137,"national_rank":2103,"sa2_main16":"208011168","state_percentile":99,"state_decile":10},"id":"sa2_seifa_irsad_2016.fid--4832820e_179207e8276_501a"},{"type":"Feature","properties":{"sa2_name16":"Caulfield - South","state_rank":420,"national_percentile":91,"national_decile":10,"irsad_score":1112,"national_rank":1988,"sa2_main16":"208021178","state_percentile":93,"state_decile":10},"id":"sa2_seifa_irsad_2016.fid--4832820e_179207e8276_501b"},{"type":"Feature","properties":{"sa2_name16":"Brighton (Vic.)","state_rank":450,"national_percentile":97,"national_decile":10,"irsad_score":1144,"national_rank":2118,"sa2_main16":"208011169","state_percentile":99,"state_decile":10},"id":"sa2_seifa_irsad_2016.fid--4832820e_179207e8276_501c"},{"type":"Feature","properties":{"sa2_name16":"Elsternwick","state_rank":421,"national_percentile":92,"national_decile":10,"irsad_score":1112,"national_rank":1989,"sa2_main16":"208021179","state_percentile":93,"state_decile":10},"id":"sa2_seifa_irsad_2016.fid--4832820e_179207e8276_501d"},{"type":"Feature","properties":{"sa2_name16":"Sandringham - Black Rock","state_rank":439,"national_percentile":95,"national_decile":10,"irsad_score":1129,"national_rank":2068,"sa2_main16":"208011173","state_percentile":97,"state_decile":10},"id":"sa2_seifa_irsad_2016.fid--4832820e_179207e8276_501e"},{"type":"Feature","properties":{"sa2_name16":"Carrum - Patterson Lakes","state_rank":300,"national_percentile":68,"national_decile":7,"irsad_score":1041,"national_rank":1485,"sa2_main16":"208031185","state_percentile":66,"state_decile":7},"id":"sa2_seifa_irsad_2016.fid--4832820e_179207e8276_501f"},{"type":"Feature","properties":{"sa2_name16":"Chelsea - Bonbeach","state_rank":269,"national_percentile":62,"national_decile":7,"irsad_score":1025,"national_rank":1343,"sa2_main16":"208031186","state_percentile":60,"state_decile":6},"id":"sa2_seifa_irsad_2016.fid--4832820e_179207e8276_5020"},{"type":"Feature","properties":{"sa2_name16":"Cheltenham - Highett (East)","state_rank":312,"national_percentile":71,"national_decile":8,"irsad_score":1047,"national_rank":1538,"sa2_main16":"208031188","state_percentile":69,"state_decile":7},"id":"sa2_seifa_irsad_2016.fid--4832820e_179207e8276_5021"},{"type":"Feature","properties":{"sa2_name16":"Mentone","state_rank":350,"national_percentile":78,"national_decile":8,"irsad_score":1065,"national_rank":1691,"sa2_main16":"208031190","state_percentile":77,"state_decile":8},"id":"sa2_seifa_irsad_2016.fid--4832820e_179207e8276_5022"},{"type":"Feature","properties":{"sa2_name16":"Edithvale - Aspendale","state_rank":358,"national_percentile":80,"national_decile":8,"irsad_score":1073,"national_rank":1743,"sa2_main16":"208031189","state_percentile":79,"state_decile":8},"id":"sa2_seifa_irsad_2016.fid--4832820e_179207e8276_5023"},{"type":"Feature","properties":{"sa2_name16":"Bundoora - East","state_rank":250,"national_percentile":58,"national_decile":6,"irsad_score":1016,"national_rank":1265,"sa2_main16":"209011196","state_percentile":55,"state_decile":6},"id":"sa2_seifa_irsad_2016.fid--4832820e_179207e8276_5024"},{"type":"Feature","properties":{"sa2_name16":"Moorabbin - Heatherton","state_rank":329,"national_percentile":74,"national_decile":8,"irsad_score":1054,"national_rank":1599,"sa2_main16":"208031191","state_percentile":73,"state_decile":8},"id":"sa2_seifa_irsad_2016.fid--4832820e_179207e8276_5025"},{"type":"Feature","properties":{"sa2_name16":"Greensborough","state_rank":334,"national_percentile":75,"national_decile":8,"irsad_score":1057,"national_rank":1627,"sa2_main16":"209011197","state_percentile":74,"state_decile":8},"id":"sa2_seifa_irsad_2016.fid--4832820e_179207e8276_5026"},{"type":"Feature","properties":{"sa2_name16":"Watsonia","state_rank":262,"national_percentile":61,"national_decile":7,"irsad_score":1023,"national_rank":1321,"sa2_main16":"209011204","state_percentile":58,"state_decile":6},"id":"sa2_seifa_irsad_2016.fid--4832820e_179207e8276_5027"},{"type":"Feature","properties":{"sa2_name16":"Mordialloc - Parkdale","state_rank":360,"national_percentile":81,"national_decile":9,"irsad_score":1074,"national_rank":1756,"sa2_main16":"208031193","state_percentile":80,"state_decile":8},"id":"sa2_seifa_irsad_2016.fid--4832820e_179207e8276_5028"},{"type":"Feature","properties":{"sa2_name16":"Kingsbury","state_rank":284,"national_percentile":65,"national_decile":7,"irsad_score":1035,"national_rank":1420,"sa2_main16":"209021205","state_percentile":63,"state_decile":7},"id":"sa2_seifa_irsad_2016.fid--4832820e_179207e8276_5029"},{"type":"Feature","properties":{"sa2_name16":"Reservoir - East","state_rank":103,"national_percentile":30,"national_decile":3,"irsad_score":950,"national_rank":635,"sa2_main16":"209021207","state_percentile":23,"state_decile":3},"id":"sa2_seifa_irsad_2016.fid--4832820e_179207e8276_502a"},{"type":"Feature","properties":{"sa2_name16":"Reservoir - West","state_rank":150,"national_percentile":38,"national_decile":4,"irsad_score":970,"national_rank":827,"sa2_main16":"209021208","state_percentile":33,"state_decile":4},"id":"sa2_seifa_irsad_2016.fid--4832820e_179207e8276_502b"},{"type":"Feature","properties":{"sa2_name16":"Coburg North","state_rank":256,"national_percentile":59,"national_decile":6,"irsad_score":1019,"national_rank":1289,"sa2_main16":"210031236","state_percentile":57,"state_decile":6},"id":"sa2_seifa_irsad_2016.fid--4832820e_179207e8276_502c"},{"type":"Feature","properties":{"sa2_name16":"Fawkner","state_rank":59,"national_percentile":20,"national_decile":2,"irsad_score":926,"national_rank":418,"sa2_main16":"210031237","state_percentile":13,"state_decile":2},"id":"sa2_seifa_irsad_2016.fid--4832820e_179207e8276_502d"},{"type":"Feature","properties":{"sa2_name16":"Malvern - Glen Iris","state_rank":444,"national_percentile":96,"national_decile":10,"irsad_score":1135,"national_rank":2093,"sa2_main16":"208041194","state_percentile":98,"state_decile":10},"id":"sa2_seifa_irsad_2016.fid--4832820e_179207e8276_502e"},{"type":"Feature","properties":{"sa2_name16":"Preston - West","state_rank":294,"national_percentile":67,"national_decile":7,"irsad_score":1039,"national_rank":1463,"sa2_main16":"209021429","state_percentile":65,"state_decile":7},"id":"sa2_seifa_irsad_2016.fid--4832820e_179207e8276_502f"},{"type":"Feature","properties":{"sa2_name16":"Malvern East","state_rank":436,"national_percentile":94,"national_decile":10,"irsad_score":1123,"national_rank":2044,"sa2_main16":"208041195","state_percentile":96,"state_decile":10},"id":"sa2_seifa_irsad_2016.fid--4832820e_179207e8276_5030"},{"type":"Feature","properties":{"sa2_name16":"Eltham","state_rank":413,"national_percentile":90,"national_decile":9,"irsad_score":1104,"national_rank":1947,"sa2_main16":"209031209","state_percentile":91,"state_decile":10},"id":"sa2_seifa_irsad_2016.fid--4832820e_179207e8276_5031"},{"type":"Feature","properties":{"sa2_name16":"Hurstbridge","state_rank":326,"national_percentile":73,"national_decile":8,"irsad_score":1052,"national_rank":1588,"sa2_main16":"209031210","state_percentile":72,"state_decile":8},"id":"sa2_seifa_irsad_2016.fid--4832820e_179207e8276_5032"},{"type":"Feature","properties":{"sa2_name16":"Kinglake","state_rank":236,"national_percentile":55,"national_decile":6,"irsad_score":1009,"national_rank":1197,"sa2_main16":"209031211","state_percentile":52,"state_decile":6},"id":"sa2_seifa_irsad_2016.fid--4832820e_179207e8276_5033"},{"type":"Feature","properties":{"sa2_name16":"Panton Hill - St Andrews","state_rank":381,"national_percentile":84,"national_decile":9,"irsad_score":1082,"national_rank":1820,"sa2_main16":"209031212","state_percentile":84,"state_decile":9},"id":"sa2_seifa_irsad_2016.fid--4832820e_179207e8276_5034"},{"type":"Feature","properties":{"sa2_name16":"Plenty - Yarrambat","state_rank":403,"national_percentile":87,"national_decile":9,"irsad_score":1094,"national_rank":1893,"sa2_main16":"209031213","state_percentile":89,"state_decile":9},"id":"sa2_seifa_irsad_2016.fid--4832820e_179207e8276_5035"},{"type":"Feature","properties":{"sa2_name16":"Research - North Warrandyte","state_rank":437,"national_percentile":94,"national_decile":10,"irsad_score":1123,"national_rank":2046,"sa2_main16":"209031214","state_percentile":97,"state_decile":10},"id":"sa2_seifa_irsad_2016.fid--4832820e_179207e8276_5036"},{"type":"Feature","properties":{"sa2_name16":"Heidelberg - Rosanna","state_rank":386,"national_percentile":84,"national_decile":9,"irsad_score":1083,"national_rank":1831,"sa2_main16":"209011198","state_percentile":85,"state_decile":9},"id":"sa2_seifa_irsad_2016.fid--4832820e_179207e8276_5037"},{"type":"Feature","properties":{"sa2_name16":"Bundoora - West","state_rank":161,"national_percentile":41,"national_decile":5,"irsad_score":975,"national_rank":878,"sa2_main16":"209041217","state_percentile":36,"state_decile":4},"id":"sa2_seifa_irsad_2016.fid--4832820e_179207e8276_5038"},{"type":"Feature","properties":{"sa2_name16":"Lalor","state_rank":35,"national_percentile":12,"national_decile":2,"irsad_score":906,"national_rank":261,"sa2_main16":"209041219","state_percentile":8,"state_decile":1},"id":"sa2_seifa_irsad_2016.fid--4832820e_179207e8276_5039"},{"type":"Feature","properties":{"sa2_name16":"Heidelberg West","state_rank":102,"national_percentile":29,"national_decile":3,"irsad_score":949,"national_rank":628,"sa2_main16":"209011199","state_percentile":23,"state_decile":3},"id":"sa2_seifa_irsad_2016.fid--4832820e_179207e8276_503a"},{"type":"Feature","properties":{"sa2_name16":"Ivanhoe","state_rank":414,"national_percentile":90,"national_decile":9,"irsad_score":1106,"national_rank":1963,"sa2_main16":"209011200","state_percentile":91,"state_decile":10},"id":"sa2_seifa_irsad_2016.fid--4832820e_179207e8276_503b"},{"type":"Feature","properties":{"sa2_name16":"Ivanhoe East - Eaglemont","state_rank":449,"national_percentile":97,"national_decile":10,"irsad_score":1144,"national_rank":2115,"sa2_main16":"209011201","state_percentile":99,"state_decile":10},"id":"sa2_seifa_irsad_2016.fid--4832820e_179207e8276_503c"},{"type":"Feature","properties":{"sa2_name16":"Montmorency - Briar Hill","state_rank":369,"national_percentile":82,"national_decile":9,"irsad_score":1078,"national_rank":1787,"sa2_main16":"209011202","state_percentile":82,"state_decile":9},"id":"sa2_seifa_irsad_2016.fid--4832820e_179207e8276_503d"},{"type":"Feature","properties":{"sa2_name16":"Viewbank - Yallambie","state_rank":344,"national_percentile":77,"national_decile":8,"irsad_score":1062,"national_rank":1663,"sa2_main16":"209011203","state_percentile":76,"state_decile":8},"id":"sa2_seifa_irsad_2016.fid--4832820e_179207e8276_503e"},{"type":"Feature","properties":{"sa2_name16":"Preston - East","state_rank":209,"national_percentile":51,"national_decile":6,"irsad_score":998,"national_rank":1097,"sa2_main16":"209021428","state_percentile":46,"state_decile":5},"id":"sa2_seifa_irsad_2016.fid--4832820e_179207e8276_503f"},{"type":"Feature","properties":{"sa2_name16":"Wattle Glen - Diamond Creek","state_rank":361,"national_percentile":81,"national_decile":9,"irsad_score":1075,"national_rank":1760,"sa2_main16":"209031215","state_percentile":80,"state_decile":8},"id":"sa2_seifa_irsad_2016.fid--4832820e_179207e8276_5040"},{"type":"Feature","properties":{"sa2_name16":"Epping - East","state_rank":126,"national_percentile":34,"national_decile":4,"irsad_score":960,"national_rank":730,"sa2_main16":"209041431","state_percentile":28,"state_decile":3},"id":"sa2_seifa_irsad_2016.fid--4832820e_179207e8276_5041"},{"type":"Feature","properties":{"sa2_name16":"Epping - South","state_rank":61,"national_percentile":20,"national_decile":2,"irsad_score":927,"national_rank":424,"sa2_main16":"209041432","state_percentile":14,"state_decile":2},"id":"sa2_seifa_irsad_2016.fid--4832820e_179207e8276_5042"},{"type":"Feature","properties":{"sa2_name16":"Bundoora - North","state_rank":336,"national_percentile":76,"national_decile":8,"irsad_score":1058,"national_rank":1639,"sa2_main16":"209041216","state_percentile":74,"state_decile":8},"id":"sa2_seifa_irsad_2016.fid--4832820e_179207e8276_5043"},{"type":"Feature","properties":{"sa2_name16":"Epping - West","state_rank":226,"national_percentile":53,"national_decile":6,"irsad_score":1003,"national_rank":1150,"sa2_main16":"209041433","state_percentile":50,"state_decile":5},"id":"sa2_seifa_irsad_2016.fid--4832820e_179207e8276_5044"},{"type":"Feature","properties":{"sa2_name16":"Mernda","state_rank":251,"national_percentile":59,"national_decile":6,"irsad_score":1017,"national_rank":1274,"sa2_main16":"209041434","state_percentile":56,"state_decile":6},"id":"sa2_seifa_irsad_2016.fid--4832820e_179207e8276_5045"},{"type":"Feature","properties":{"sa2_name16":"South Morang (North)","state_rank":306,"national_percentile":70,"national_decile":7,"irsad_score":1044,"national_rank":1510,"sa2_main16":"209041435","state_percentile":68,"state_decile":7},"id":"sa2_seifa_irsad_2016.fid--4832820e_179207e8276_5046"},{"type":"Feature","properties":{"sa2_name16":"Mill Park - North","state_rank":223,"national_percentile":53,"national_decile":6,"irsad_score":1002,"national_rank":1140,"sa2_main16":"209041220","state_percentile":50,"state_decile":5},"id":"sa2_seifa_irsad_2016.fid--4832820e_179207e8276_5047"},{"type":"Feature","properties":{"sa2_name16":"Mill Park - South","state_rank":182,"national_percentile":46,"national_decile":5,"irsad_score":986,"national_rank":984,"sa2_main16":"209041221","state_percentile":41,"state_decile":5},"id":"sa2_seifa_irsad_2016.fid--4832820e_179207e8276_5048"},{"type":"Feature","properties":{"sa2_name16":"Airport West","state_rank":237,"national_percentile":55,"national_decile":6,"irsad_score":1009,"national_rank":1200,"sa2_main16":"210011226","state_percentile":53,"state_decile":6},"id":"sa2_seifa_irsad_2016.fid--4832820e_179207e8276_5049"},{"type":"Feature","properties":{"sa2_name16":"Thomastown","state_rank":21,"national_percentile":9,"national_decile":1,"irsad_score":888,"national_rank":183,"sa2_main16":"209041223","state_percentile":5,"state_decile":1},"id":"sa2_seifa_irsad_2016.fid--4832820e_179207e8276_504a"},{"type":"Feature","properties":{"sa2_name16":"Wallan","state_rank":202,"national_percentile":49,"national_decile":5,"irsad_score":995,"national_rank":1068,"sa2_main16":"209041224","state_percentile":45,"state_decile":5},"id":"sa2_seifa_irsad_2016.fid--4832820e_179207e8276_504b"},{"type":"Feature","properties":{"sa2_name16":"Whittlesea","state_rank":214,"national_percentile":51,"national_decile":6,"irsad_score":999,"national_rank":1112,"sa2_main16":"209041225","state_percentile":48,"state_decile":5},"id":"sa2_seifa_irsad_2016.fid--4832820e_179207e8276_504c"},{"type":"Feature","properties":{"sa2_name16":"Doreen","state_rank":298,"national_percentile":68,"national_decile":7,"irsad_score":1040,"national_rank":1479,"sa2_main16":"209041430","state_percentile":66,"state_decile":7},"id":"sa2_seifa_irsad_2016.fid--4832820e_179207e8276_504d"},{"type":"Feature","properties":{"sa2_name16":"South Morang (South)","state_rank":222,"national_percentile":53,"national_decile":6,"irsad_score":1002,"national_rank":1138,"sa2_main16":"209041436","state_percentile":49,"state_decile":5},"id":"sa2_seifa_irsad_2016.fid--4832820e_179207e8276_504e"},{"type":"Feature","properties":{"sa2_name16":"Wollert","state_rank":253,"national_percentile":59,"national_decile":6,"irsad_score":1019,"national_rank":1282,"sa2_main16":"209041437","state_percentile":56,"state_decile":6},"id":"sa2_seifa_irsad_2016.fid--4832820e_179207e8276_504f"},{"type":"Feature","properties":{"sa2_name16":"Keilor","state_rank":291,"national_percentile":66,"national_decile":7,"irsad_score":1038,"national_rank":1442,"sa2_main16":"210011228","state_percentile":64,"state_decile":7},"id":"sa2_seifa_irsad_2016.fid--4832820e_179207e8276_5050"},{"type":"Feature","properties":{"sa2_name16":"Keilor East","state_rank":243,"national_percentile":56,"national_decile":6,"irsad_score":1011,"national_rank":1221,"sa2_main16":"210011229","state_percentile":54,"state_decile":6},"id":"sa2_seifa_irsad_2016.fid--4832820e_179207e8276_5051"},{"type":"Feature","properties":{"sa2_name16":"Niddrie - Essendon West","state_rank":335,"national_percentile":75,"national_decile":8,"irsad_score":1058,"national_rank":1637,"sa2_main16":"210011230","state_percentile":74,"state_decile":8},"id":"sa2_seifa_irsad_2016.fid--4832820e_179207e8276_5052"},{"type":"Feature","properties":{"sa2_name16":"Strathmore","state_rank":407,"national_percentile":88,"national_decile":9,"irsad_score":1097,"national_rank":1912,"sa2_main16":"210011231","state_percentile":90,"state_decile":9},"id":"sa2_seifa_irsad_2016.fid--4832820e_179207e8276_5053"},{"type":"Feature","properties":{"sa2_name16":"Gisborne","state_rank":359,"national_percentile":81,"national_decile":9,"irsad_score":1073,"national_rank":1751,"sa2_main16":"210021232","state_percentile":79,"state_decile":8},"id":"sa2_seifa_irsad_2016.fid--4832820e_179207e8276_5054"},{"type":"Feature","properties":{"sa2_name16":"Cranbourne","state_rank":50,"national_percentile":18,"national_decile":2,"irsad_score":922,"national_rank":384,"sa2_main16":"212031300","state_percentile":11,"state_decile":2},"id":"sa2_seifa_irsad_2016.fid--4832820e_179207e8276_5055"},{"type":"Feature","properties":{"sa2_name16":"Cranbourne East","state_rank":266,"national_percentile":62,"national_decile":7,"irsad_score":1024,"national_rank":1334,"sa2_main16":"212031301","state_percentile":59,"state_decile":6},"id":"sa2_seifa_irsad_2016.fid--4832820e_179207e8276_5056"},{"type":"Feature","properties":{"sa2_name16":"Macedon","state_rank":419,"national_percentile":91,"national_decile":10,"irsad_score":1110,"national_rank":1979,"sa2_main16":"210021233","state_percentile":93,"state_decile":10},"id":"sa2_seifa_irsad_2016.fid--4832820e_179207e8276_5057"},{"type":"Feature","properties":{"sa2_name16":"Riddells Creek","state_rank":341,"national_percentile":76,"national_decile":8,"irsad_score":1061,"national_rank":1652,"sa2_main16":"210021234","state_percentile":75,"state_decile":8},"id":"sa2_seifa_irsad_2016.fid--4832820e_179207e8276_5058"},{"type":"Feature","properties":{"sa2_name16":"Romsey","state_rank":255,"national_percentile":59,"national_decile":6,"irsad_score":1019,"national_rank":1287,"sa2_main16":"210021235","state_percentile":57,"state_decile":6},"id":"sa2_seifa_irsad_2016.fid--4832820e_179207e8276_5059"},{"type":"Feature","properties":{"sa2_name16":"Glenroy","state_rank":107,"national_percentile":30,"national_decile":3,"irsad_score":953,"national_rank":652,"sa2_main16":"210031438","state_percentile":24,"state_decile":3},"id":"sa2_seifa_irsad_2016.fid--4832820e_179207e8276_505a"},{"type":"Feature","properties":{"sa2_name16":"Forest Hill","state_rank":280,"national_percentile":65,"national_decile":7,"irsad_score":1033,"national_rank":1401,"sa2_main16":"211041269","state_percentile":62,"state_decile":7},"id":"sa2_seifa_irsad_2016.fid--4832820e_179207e8276_505b"},{"type":"Feature","properties":{"sa2_name16":"Mitcham (Vic.)","state_rank":348,"national_percentile":78,"national_decile":8,"irsad_score":1065,"national_rank":1687,"sa2_main16":"211041270","state_percentile":77,"state_decile":8},"id":"sa2_seifa_irsad_2016.fid--4832820e_179207e8276_505c"},{"type":"Feature","properties":{"sa2_name16":"Pascoe Vale","state_rank":278,"national_percentile":64,"national_decile":7,"irsad_score":1032,"national_rank":1397,"sa2_main16":"210031239","state_percentile":62,"state_decile":7},"id":"sa2_seifa_irsad_2016.fid--4832820e_179207e8276_505d"},{"type":"Feature","properties":{"sa2_name16":"Gowanbrae","state_rank":339,"national_percentile":76,"national_decile":8,"irsad_score":1060,"national_rank":1647,"sa2_main16":"210031439","state_percentile":75,"state_decile":8},"id":"sa2_seifa_irsad_2016.fid--4832820e_179207e8276_505e"},{"type":"Feature","properties":{"sa2_name16":"Broadmeadows","state_rank":1,"national_percentile":2,"national_decile":1,"irsad_score":819,"national_rank":43,"sa2_main16":"210051242","state_percentile":1,"state_decile":1},"id":"sa2_seifa_irsad_2016.fid--4832820e_179207e8276_505f"},{"type":"Feature","properties":{"sa2_name16":"Meadow Heights","state_rank":7,"national_percentile":4,"national_decile":1,"irsad_score":846,"national_rank":71,"sa2_main16":"210051247","state_percentile":2,"state_decile":1},"id":"sa2_seifa_irsad_2016.fid--4832820e_179207e8276_5060"},{"type":"Feature","properties":{"sa2_name16":"Melbourne Airport","state_rank":342,"national_percentile":76,"national_decile":8,"irsad_score":1061,"national_rank":1653,"sa2_main16":"210051248","state_percentile":76,"state_decile":8},"id":"sa2_seifa_irsad_2016.fid--4832820e_179207e8276_5061"},{"type":"Feature","properties":{"sa2_name16":"Campbellfield - Coolaroo","state_rank":3,"national_percentile":3,"national_decile":1,"irsad_score":828,"national_rank":49,"sa2_main16":"210051243","state_percentile":1,"state_decile":1},"id":"sa2_seifa_irsad_2016.fid--4832820e_179207e8276_5062"},{"type":"Feature","properties":{"sa2_name16":"Gladstone Park - Westmeadows","state_rank":158,"national_percentile":40,"national_decile":4,"irsad_score":975,"national_rank":872,"sa2_main16":"210051245","state_percentile":35,"state_decile":4},"id":"sa2_seifa_irsad_2016.fid--4832820e_179207e8276_5063"},{"type":"Feature","properties":{"sa2_name16":"Greenvale - Bulla","state_rank":315,"national_percentile":71,"national_decile":8,"irsad_score":1048,"national_rank":1550,"sa2_main16":"210051246","state_percentile":70,"state_decile":7},"id":"sa2_seifa_irsad_2016.fid--4832820e_179207e8276_5064"},{"type":"Feature","properties":{"sa2_name16":"Croydon South","state_rank":267,"national_percentile":62,"national_decile":7,"irsad_score":1024,"national_rank":1335,"sa2_main16":"211031452","state_percentile":59,"state_decile":6},"id":"sa2_seifa_irsad_2016.fid--4832820e_179207e8276_5065"},{"type":"Feature","properties":{"sa2_name16":"Roxburgh Park - Somerton","state_rank":49,"national_percentile":18,"national_decile":2,"irsad_score":922,"national_rank":380,"sa2_main16":"210051249","state_percentile":11,"state_decile":2},"id":"sa2_seifa_irsad_2016.fid--4832820e_179207e8276_5066"},{"type":"Feature","properties":{"sa2_name16":"Tullamarine","state_rank":94,"national_percentile":28,"national_decile":3,"irsad_score":947,"national_rank":601,"sa2_main16":"210051250","state_percentile":21,"state_decile":3},"id":"sa2_seifa_irsad_2016.fid--4832820e_179207e8276_5067"},{"type":"Feature","properties":{"sa2_name16":"Craigieburn - Central","state_rank":54,"national_percentile":19,"national_decile":2,"irsad_score":925,"national_rank":403,"sa2_main16":"210051441","state_percentile":12,"state_decile":2},"id":"sa2_seifa_irsad_2016.fid--4832820e_179207e8276_5068"},{"type":"Feature","properties":{"sa2_name16":"Craigieburn - North","state_rank":197,"national_percentile":49,"national_decile":5,"irsad_score":994,"national_rank":1056,"sa2_main16":"210051442","state_percentile":44,"state_decile":5},"id":"sa2_seifa_irsad_2016.fid--4832820e_179207e8276_5069"},{"type":"Feature","properties":{"sa2_name16":"Craigieburn - West","state_rank":168,"national_percentile":43,"national_decile":5,"irsad_score":980,"national_rank":922,"sa2_main16":"210051444","state_percentile":37,"state_decile":4},"id":"sa2_seifa_irsad_2016.fid--4832820e_179207e8276_506a"},{"type":"Feature","properties":{"sa2_name16":"Mickleham - Yuroke","state_rank":288,"national_percentile":66,"national_decile":7,"irsad_score":1036,"national_rank":1430,"sa2_main16":"210051445","state_percentile":64,"state_decile":7},"id":"sa2_seifa_irsad_2016.fid--4832820e_179207e8276_506b"},{"type":"Feature","properties":{"sa2_name16":"Bayswater","state_rank":186,"national_percentile":46,"national_decile":5,"irsad_score":987,"national_rank":994,"sa2_main16":"211011251","state_percentile":41,"state_decile":5},"id":"sa2_seifa_irsad_2016.fid--4832820e_179207e8276_506c"},{"type":"Feature","properties":{"sa2_name16":"Knoxfield - Scoresby","state_rank":285,"national_percentile":66,"national_decile":7,"irsad_score":1036,"national_rank":1422,"sa2_main16":"211011254","state_percentile":63,"state_decile":7},"id":"sa2_seifa_irsad_2016.fid--4832820e_179207e8276_506d"},{"type":"Feature","properties":{"sa2_name16":"Craigieburn - South","state_rank":122,"national_percentile":33,"national_decile":4,"irsad_score":959,"national_rank":710,"sa2_main16":"210051443","state_percentile":27,"state_decile":3},"id":"sa2_seifa_irsad_2016.fid--4832820e_179207e8276_506e"},{"type":"Feature","properties":{"sa2_name16":"Lysterfield","state_rank":405,"national_percentile":87,"national_decile":9,"irsad_score":1095,"national_rank":1897,"sa2_main16":"211011255","state_percentile":90,"state_decile":9},"id":"sa2_seifa_irsad_2016.fid--4832820e_179207e8276_506f"},{"type":"Feature","properties":{"sa2_name16":"Rowville - North","state_rank":352,"national_percentile":79,"national_decile":8,"irsad_score":1068,"national_rank":1710,"sa2_main16":"211011257","state_percentile":78,"state_decile":8},"id":"sa2_seifa_irsad_2016.fid--4832820e_179207e8276_5070"},{"type":"Feature","properties":{"sa2_name16":"Rowville - South","state_rank":370,"national_percentile":82,"national_decile":9,"irsad_score":1078,"national_rank":1788,"sa2_main16":"211011258","state_percentile":82,"state_decile":9},"id":"sa2_seifa_irsad_2016.fid--4832820e_179207e8276_5071"},{"type":"Feature","properties":{"sa2_name16":"Wantirna","state_rank":310,"national_percentile":70,"national_decile":7,"irsad_score":1045,"national_rank":1527,"sa2_main16":"211011259","state_percentile":69,"state_decile":7},"id":"sa2_seifa_irsad_2016.fid--4832820e_179207e8276_5072"},{"type":"Feature","properties":{"sa2_name16":"Wantirna South","state_rank":330,"national_percentile":74,"national_decile":8,"irsad_score":1055,"national_rank":1603,"sa2_main16":"211011260","state_percentile":73,"state_decile":8},"id":"sa2_seifa_irsad_2016.fid--4832820e_179207e8276_5073"},{"type":"Feature","properties":{"sa2_name16":"Rowville - Central","state_rank":320,"national_percentile":72,"national_decile":8,"irsad_score":1051,"national_rank":1567,"sa2_main16":"211011256","state_percentile":71,"state_decile":8},"id":"sa2_seifa_irsad_2016.fid--4832820e_179207e8276_5074"},{"type":"Feature","properties":{"sa2_name16":"Boronia","state_rank":193,"national_percentile":48,"national_decile":5,"irsad_score":991,"national_rank":1027,"sa2_main16":"211011446","state_percentile":43,"state_decile":5},"id":"sa2_seifa_irsad_2016.fid--4832820e_179207e8276_5075"},{"type":"Feature","properties":{"sa2_name16":"Ferntree Gully (North)","state_rank":212,"national_percentile":51,"national_decile":6,"irsad_score":998,"national_rank":1105,"sa2_main16":"211011447","state_percentile":47,"state_decile":5},"id":"sa2_seifa_irsad_2016.fid--4832820e_179207e8276_5076"},{"type":"Feature","properties":{"sa2_name16":"Croydon Hills - Warranwood","state_rank":372,"national_percentile":83,"national_decile":9,"irsad_score":1079,"national_rank":1796,"sa2_main16":"211031265","state_percentile":82,"state_decile":9},"id":"sa2_seifa_irsad_2016.fid--4832820e_179207e8276_5077"},{"type":"Feature","properties":{"sa2_name16":"Ringwood","state_rank":240,"national_percentile":56,"national_decile":6,"irsad_score":1010,"national_rank":1214,"sa2_main16":"211031266","state_percentile":53,"state_decile":6},"id":"sa2_seifa_irsad_2016.fid--4832820e_179207e8276_5078"},{"type":"Feature","properties":{"sa2_name16":"Ferntree Gully (South) - Upper Ferntree Gully","state_rank":252,"national_percentile":59,"national_decile":6,"irsad_score":1017,"national_rank":1276,"sa2_main16":"211011448","state_percentile":56,"state_decile":6},"id":"sa2_seifa_irsad_2016.fid--4832820e_179207e8276_5079"},{"type":"Feature","properties":{"sa2_name16":"Ringwood East","state_rank":309,"national_percentile":70,"national_decile":7,"irsad_score":1044,"national_rank":1517,"sa2_main16":"211031267","state_percentile":68,"state_decile":7},"id":"sa2_seifa_irsad_2016.fid--4832820e_179207e8276_507a"},{"type":"Feature","properties":{"sa2_name16":"Ringwood North","state_rank":396,"national_percentile":86,"national_decile":9,"irsad_score":1089,"national_rank":1866,"sa2_main16":"211031268","state_percentile":88,"state_decile":9},"id":"sa2_seifa_irsad_2016.fid--4832820e_179207e8276_507b"},{"type":"Feature","properties":{"sa2_name16":"The Basin","state_rank":274,"national_percentile":63,"national_decile":7,"irsad_score":1029,"national_rank":1374,"sa2_main16":"211011449","state_percentile":61,"state_decile":7},"id":"sa2_seifa_irsad_2016.fid--4832820e_179207e8276_507c"},{"type":"Feature","properties":{"sa2_name16":"Donvale - Park Orchards","state_rank":411,"national_percentile":89,"national_decile":9,"irsad_score":1103,"national_rank":1940,"sa2_main16":"211021261","state_percentile":91,"state_decile":10},"id":"sa2_seifa_irsad_2016.fid--4832820e_179207e8276_507d"},{"type":"Feature","properties":{"sa2_name16":"Warrandyte - Wonga Park","state_rank":426,"national_percentile":92,"national_decile":10,"irsad_score":1115,"national_rank":2003,"sa2_main16":"211021262","state_percentile":94,"state_decile":10},"id":"sa2_seifa_irsad_2016.fid--4832820e_179207e8276_507e"},{"type":"Feature","properties":{"sa2_name16":"Croydon - East","state_rank":194,"national_percentile":48,"national_decile":5,"irsad_score":991,"national_rank":1030,"sa2_main16":"211031450","state_percentile":43,"state_decile":5},"id":"sa2_seifa_irsad_2016.fid--4832820e_179207e8276_507f"},{"type":"Feature","properties":{"sa2_name16":"Croydon - West","state_rank":261,"national_percentile":61,"national_decile":7,"irsad_score":1022,"national_rank":1317,"sa2_main16":"211031451","state_percentile":58,"state_decile":6},"id":"sa2_seifa_irsad_2016.fid--4832820e_179207e8276_5080"},{"type":"Feature","properties":{"sa2_name16":"Bayswater North","state_rank":239,"national_percentile":56,"national_decile":6,"irsad_score":1010,"national_rank":1206,"sa2_main16":"211031263","state_percentile":53,"state_decile":6},"id":"sa2_seifa_irsad_2016.fid--4832820e_179207e8276_5081"},{"type":"Feature","properties":{"sa2_name16":"Vermont","state_rank":353,"national_percentile":79,"national_decile":8,"irsad_score":1069,"national_rank":1720,"sa2_main16":"211041272","state_percentile":78,"state_decile":8},"id":"sa2_seifa_irsad_2016.fid--4832820e_179207e8276_5082"},{"type":"Feature","properties":{"sa2_name16":"Vermont South","state_rank":362,"national_percentile":81,"national_decile":9,"irsad_score":1075,"national_rank":1764,"sa2_main16":"211041273","state_percentile":80,"state_decile":8},"id":"sa2_seifa_irsad_2016.fid--4832820e_179207e8276_5083"},{"type":"Feature","properties":{"sa2_name16":"Narre Warren - North East","state_rank":213,"national_percentile":51,"national_decile":6,"irsad_score":999,"national_rank":1108,"sa2_main16":"212021455","state_percentile":47,"state_decile":5},"id":"sa2_seifa_irsad_2016.fid--4832820e_179207e8276_5084"},{"type":"Feature","properties":{"sa2_name16":"Nunawading","state_rank":317,"national_percentile":72,"national_decile":8,"irsad_score":1049,"national_rank":1557,"sa2_main16":"211041271","state_percentile":70,"state_decile":7},"id":"sa2_seifa_irsad_2016.fid--4832820e_179207e8276_5085"},{"type":"Feature","properties":{"sa2_name16":"Belgrave - Selby","state_rank":333,"national_percentile":75,"national_decile":8,"irsad_score":1057,"national_rank":1625,"sa2_main16":"211051274","state_percentile":74,"state_decile":8},"id":"sa2_seifa_irsad_2016.fid--4832820e_179207e8276_5086"},{"type":"Feature","properties":{"sa2_name16":"Chirnside Park","state_rank":279,"national_percentile":65,"national_decile":7,"irsad_score":1033,"national_rank":1400,"sa2_main16":"211051275","state_percentile":62,"state_decile":7},"id":"sa2_seifa_irsad_2016.fid--4832820e_179207e8276_5087"},{"type":"Feature","properties":{"sa2_name16":"Healesville - Yarra Glen","state_rank":208,"national_percentile":50,"national_decile":5,"irsad_score":996,"national_rank":1083,"sa2_main16":"211051276","state_percentile":46,"state_decile":5},"id":"sa2_seifa_irsad_2016.fid--4832820e_179207e8276_5088"},{"type":"Feature","properties":{"sa2_name16":"Kilsyth","state_rank":191,"national_percentile":47,"national_decile":5,"irsad_score":991,"national_rank":1021,"sa2_main16":"211051277","state_percentile":42,"state_decile":5},"id":"sa2_seifa_irsad_2016.fid--4832820e_179207e8276_5089"},{"type":"Feature","properties":{"sa2_name16":"Lilydale - Coldstream","state_rank":233,"national_percentile":55,"national_decile":6,"irsad_score":1006,"national_rank":1181,"sa2_main16":"211051278","state_percentile":52,"state_decile":6},"id":"sa2_seifa_irsad_2016.fid--4832820e_179207e8276_508a"},{"type":"Feature","properties":{"sa2_name16":"Monbulk - Silvan","state_rank":273,"national_percentile":63,"national_decile":7,"irsad_score":1029,"national_rank":1373,"sa2_main16":"211051279","state_percentile":61,"state_decile":7},"id":"sa2_seifa_irsad_2016.fid--4832820e_179207e8276_508b"},{"type":"Feature","properties":{"sa2_name16":"Montrose","state_rank":282,"national_percentile":65,"national_decile":7,"irsad_score":1034,"national_rank":1407,"sa2_main16":"211051280","state_percentile":62,"state_decile":7},"id":"sa2_seifa_irsad_2016.fid--4832820e_179207e8276_508c"},{"type":"Feature","properties":{"sa2_name16":"Mooroolbark","state_rank":249,"national_percentile":58,"national_decile":6,"irsad_score":1014,"national_rank":1251,"sa2_main16":"211051281","state_percentile":55,"state_decile":6},"id":"sa2_seifa_irsad_2016.fid--4832820e_179207e8276_508d"},{"type":"Feature","properties":{"sa2_name16":"Mount Dandenong - Olinda","state_rank":378,"national_percentile":84,"national_decile":9,"irsad_score":1082,"national_rank":1815,"sa2_main16":"211051282","state_percentile":84,"state_decile":9},"id":"sa2_seifa_irsad_2016.fid--4832820e_179207e8276_508e"},{"type":"Feature","properties":{"sa2_name16":"Pakenham - North","state_rank":134,"national_percentile":35,"national_decile":4,"irsad_score":962,"national_rank":756,"sa2_main16":"212011291","state_percentile":30,"state_decile":3},"id":"sa2_seifa_irsad_2016.fid--4832820e_179207e8276_508f"},{"type":"Feature","properties":{"sa2_name16":"Mount Evelyn","state_rank":263,"national_percentile":61,"national_decile":7,"irsad_score":1023,"national_rank":1322,"sa2_main16":"211051283","state_percentile":58,"state_decile":6},"id":"sa2_seifa_irsad_2016.fid--4832820e_179207e8276_5090"},{"type":"Feature","properties":{"sa2_name16":"Endeavour Hills - South","state_rank":224,"national_percentile":53,"national_decile":6,"irsad_score":1002,"national_rank":1141,"sa2_main16":"212021454","state_percentile":50,"state_decile":5},"id":"sa2_seifa_irsad_2016.fid--4832820e_179207e8276_5091"},{"type":"Feature","properties":{"sa2_name16":"Lynbrook - Lyndhurst","state_rank":292,"national_percentile":67,"national_decile":7,"irsad_score":1038,"national_rank":1444,"sa2_main16":"212031306","state_percentile":65,"state_decile":7},"id":"sa2_seifa_irsad_2016.fid--4832820e_179207e8276_5092"},{"type":"Feature","properties":{"sa2_name16":"Pearcedale - Tooradin","state_rank":205,"national_percentile":50,"national_decile":5,"irsad_score":995,"national_rank":1074,"sa2_main16":"212031308","state_percentile":46,"state_decile":5},"id":"sa2_seifa_irsad_2016.fid--4832820e_179207e8276_5093"},{"type":"Feature","properties":{"sa2_name16":"Upwey - Tecoma","state_rank":325,"national_percentile":73,"national_decile":8,"irsad_score":1052,"national_rank":1584,"sa2_main16":"211051284","state_percentile":72,"state_decile":8},"id":"sa2_seifa_irsad_2016.fid--4832820e_179207e8276_5094"},{"type":"Feature","properties":{"sa2_name16":"Wandin - Seville","state_rank":258,"national_percentile":60,"national_decile":6,"irsad_score":1021,"national_rank":1302,"sa2_main16":"211051285","state_percentile":57,"state_decile":6},"id":"sa2_seifa_irsad_2016.fid--4832820e_179207e8276_5095"},{"type":"Feature","properties":{"sa2_name16":"Yarra Valley","state_rank":109,"national_percentile":30,"national_decile":3,"irsad_score":953,"national_rank":655,"sa2_main16":"211051286","state_percentile":24,"state_decile":3},"id":"sa2_seifa_irsad_2016.fid--4832820e_179207e8276_5096"},{"type":"Feature","properties":{"sa2_name16":"Beaconsfield - Officer","state_rank":327,"national_percentile":73,"national_decile":8,"irsad_score":1053,"national_rank":1589,"sa2_main16":"212011287","state_percentile":72,"state_decile":8},"id":"sa2_seifa_irsad_2016.fid--4832820e_179207e8276_5097"},{"type":"Feature","properties":{"sa2_name16":"Bunyip - Garfield","state_rank":238,"national_percentile":56,"national_decile":6,"irsad_score":1010,"national_rank":1205,"sa2_main16":"212011288","state_percentile":53,"state_decile":6},"id":"sa2_seifa_irsad_2016.fid--4832820e_179207e8276_5098"},{"type":"Feature","properties":{"sa2_name16":"Emerald - Cockatoo","state_rank":299,"national_percentile":68,"national_decile":7,"irsad_score":1040,"national_rank":1480,"sa2_main16":"212011289","state_percentile":66,"state_decile":7},"id":"sa2_seifa_irsad_2016.fid--4832820e_179207e8276_5099"},{"type":"Feature","properties":{"sa2_name16":"Koo Wee Rup","state_rank":138,"national_percentile":36,"national_decile":4,"irsad_score":964,"national_rank":772,"sa2_main16":"212011290","state_percentile":31,"state_decile":4},"id":"sa2_seifa_irsad_2016.fid--4832820e_179207e8276_509a"},{"type":"Feature","properties":{"sa2_name16":"Pakenham - South","state_rank":149,"national_percentile":38,"national_decile":4,"irsad_score":969,"national_rank":824,"sa2_main16":"212011292","state_percentile":33,"state_decile":4},"id":"sa2_seifa_irsad_2016.fid--4832820e_179207e8276_509b"},{"type":"Feature","properties":{"sa2_name16":"Berwick - North","state_rank":307,"national_percentile":70,"national_decile":7,"irsad_score":1044,"national_rank":1512,"sa2_main16":"212021293","state_percentile":68,"state_decile":7},"id":"sa2_seifa_irsad_2016.fid--4832820e_179207e8276_509c"},{"type":"Feature","properties":{"sa2_name16":"Berwick - South","state_rank":318,"national_percentile":72,"national_decile":8,"irsad_score":1050,"national_rank":1563,"sa2_main16":"212021294","state_percentile":70,"state_decile":7},"id":"sa2_seifa_irsad_2016.fid--4832820e_179207e8276_509d"},{"type":"Feature","properties":{"sa2_name16":"Doveton","state_rank":6,"national_percentile":3,"national_decile":1,"irsad_score":844,"national_rank":64,"sa2_main16":"212021295","state_percentile":2,"state_decile":1},"id":"sa2_seifa_irsad_2016.fid--4832820e_179207e8276_509e"},{"type":"Feature","properties":{"sa2_name16":"Hallam","state_rank":81,"national_percentile":26,"national_decile":3,"irsad_score":940,"national_rank":552,"sa2_main16":"212021297","state_percentile":18,"state_decile":2},"id":"sa2_seifa_irsad_2016.fid--4832820e_179207e8276_509f"},{"type":"Feature","properties":{"sa2_name16":"Narre Warren North","state_rank":367,"national_percentile":82,"national_decile":9,"irsad_score":1077,"national_rank":1782,"sa2_main16":"212021299","state_percentile":81,"state_decile":9},"id":"sa2_seifa_irsad_2016.fid--4832820e_179207e8276_50a0"},{"type":"Feature","properties":{"sa2_name16":"Endeavour Hills - North","state_rank":203,"national_percentile":49,"national_decile":5,"irsad_score":995,"national_rank":1069,"sa2_main16":"212021453","state_percentile":45,"state_decile":5},"id":"sa2_seifa_irsad_2016.fid--4832820e_179207e8276_50a1"},{"type":"Feature","properties":{"sa2_name16":"Narre Warren - South West","state_rank":117,"national_percentile":32,"national_decile":4,"irsad_score":958,"national_rank":699,"sa2_main16":"212021456","state_percentile":26,"state_decile":3},"id":"sa2_seifa_irsad_2016.fid--4832820e_179207e8276_50a2"},{"type":"Feature","properties":{"sa2_name16":"Cranbourne North","state_rank":180,"national_percentile":45,"national_decile":5,"irsad_score":985,"national_rank":975,"sa2_main16":"212031302","state_percentile":40,"state_decile":4},"id":"sa2_seifa_irsad_2016.fid--4832820e_179207e8276_50a3"},{"type":"Feature","properties":{"sa2_name16":"Cranbourne South","state_rank":293,"national_percentile":67,"national_decile":7,"irsad_score":1039,"national_rank":1462,"sa2_main16":"212031303","state_percentile":65,"state_decile":7},"id":"sa2_seifa_irsad_2016.fid--4832820e_179207e8276_50a4"},{"type":"Feature","properties":{"sa2_name16":"Narre Warren South (East)","state_rank":303,"national_percentile":69,"national_decile":7,"irsad_score":1042,"national_rank":1500,"sa2_main16":"212031457","state_percentile":67,"state_decile":7},"id":"sa2_seifa_irsad_2016.fid--4832820e_179207e8276_50a5"},{"type":"Feature","properties":{"sa2_name16":"Narre Warren South (West)","state_rank":175,"national_percentile":44,"national_decile":5,"irsad_score":983,"national_rank":953,"sa2_main16":"212031458","state_percentile":39,"state_decile":4},"id":"sa2_seifa_irsad_2016.fid--4832820e_179207e8276_50a6"},{"type":"Feature","properties":{"sa2_name16":"Clarinda - Oakleigh South","state_rank":189,"national_percentile":47,"national_decile":5,"irsad_score":989,"national_rank":1010,"sa2_main16":"212041309","state_percentile":42,"state_decile":5},"id":"sa2_seifa_irsad_2016.fid--4832820e_179207e8276_50a7"},{"type":"Feature","properties":{"sa2_name16":"Clayton South","state_rank":145,"national_percentile":38,"national_decile":4,"irsad_score":968,"national_rank":811,"sa2_main16":"212041310","state_percentile":32,"state_decile":4},"id":"sa2_seifa_irsad_2016.fid--4832820e_179207e8276_50a8"},{"type":"Feature","properties":{"sa2_name16":"Dandenong","state_rank":12,"national_percentile":5,"national_decile":1,"irsad_score":866,"national_rank":108,"sa2_main16":"212041311","state_percentile":3,"state_decile":1},"id":"sa2_seifa_irsad_2016.fid--4832820e_179207e8276_50a9"},{"type":"Feature","properties":{"sa2_name16":"Dandenong North","state_rank":71,"national_percentile":22,"national_decile":3,"irsad_score":933,"national_rank":479,"sa2_main16":"212041312","state_percentile":16,"state_decile":2},"id":"sa2_seifa_irsad_2016.fid--4832820e_179207e8276_50aa"},{"type":"Feature","properties":{"sa2_name16":"Dingley Village","state_rank":323,"national_percentile":73,"national_decile":8,"irsad_score":1051,"national_rank":1578,"sa2_main16":"212041313","state_percentile":71,"state_decile":8},"id":"sa2_seifa_irsad_2016.fid--4832820e_179207e8276_50ab"},{"type":"Feature","properties":{"sa2_name16":"Noble Park - East","state_rank":45,"national_percentile":16,"national_decile":2,"irsad_score":917,"national_rank":340,"sa2_main16":"212041459","state_percentile":10,"state_decile":1},"id":"sa2_seifa_irsad_2016.fid--4832820e_179207e8276_50ac"},{"type":"Feature","properties":{"sa2_name16":"Keysborough","state_rank":206,"national_percentile":50,"national_decile":5,"irsad_score":996,"national_rank":1077,"sa2_main16":"212041314","state_percentile":46,"state_decile":5},"id":"sa2_seifa_irsad_2016.fid--4832820e_179207e8276_50ad"},{"type":"Feature","properties":{"sa2_name16":"Noble Park North","state_rank":84,"national_percentile":26,"national_decile":3,"irsad_score":942,"national_rank":567,"sa2_main16":"212041316","state_percentile":19,"state_decile":2},"id":"sa2_seifa_irsad_2016.fid--4832820e_179207e8276_50ae"},{"type":"Feature","properties":{"sa2_name16":"Springvale","state_rank":23,"national_percentile":9,"national_decile":1,"irsad_score":888,"national_rank":185,"sa2_main16":"212041317","state_percentile":6,"state_decile":1},"id":"sa2_seifa_irsad_2016.fid--4832820e_179207e8276_50af"},{"type":"Feature","properties":{"sa2_name16":"Springvale South","state_rank":28,"national_percentile":10,"national_decile":1,"irsad_score":896,"national_rank":210,"sa2_main16":"212041318","state_percentile":7,"state_decile":1},"id":"sa2_seifa_irsad_2016.fid--4832820e_179207e8276_50b0"},{"type":"Feature","properties":{"sa2_name16":"Noble Park - West","state_rank":26,"national_percentile":10,"national_decile":1,"irsad_score":891,"national_rank":199,"sa2_main16":"212041460","state_percentile":6,"state_decile":1},"id":"sa2_seifa_irsad_2016.fid--4832820e_179207e8276_50b1"},{"type":"Feature","properties":{"sa2_name16":"Ashwood - Chadstone","state_rank":321,"national_percentile":72,"national_decile":8,"irsad_score":1051,"national_rank":1568,"sa2_main16":"212051319","state_percentile":71,"state_decile":8},"id":"sa2_seifa_irsad_2016.fid--4832820e_179207e8276_50b2"},{"type":"Feature","properties":{"sa2_name16":"Clayton","state_rank":268,"national_percentile":62,"national_decile":7,"irsad_score":1025,"national_rank":1340,"sa2_main16":"212051320","state_percentile":59,"state_decile":6},"id":"sa2_seifa_irsad_2016.fid--4832820e_179207e8276_50b3"},{"type":"Feature","properties":{"sa2_name16":"Glen Waverley - East","state_rank":379,"national_percentile":84,"national_decile":9,"irsad_score":1082,"national_rank":1816,"sa2_main16":"212051321","state_percentile":84,"state_decile":9},"id":"sa2_seifa_irsad_2016.fid--4832820e_179207e8276_50b4"},{"type":"Feature","properties":{"sa2_name16":"Glen Waverley - West","state_rank":351,"national_percentile":78,"national_decile":8,"irsad_score":1066,"national_rank":1697,"sa2_main16":"212051322","state_percentile":78,"state_decile":8},"id":"sa2_seifa_irsad_2016.fid--4832820e_179207e8276_50b5"},{"type":"Feature","properties":{"sa2_name16":"Mount Waverley - North","state_rank":374,"national_percentile":83,"national_decile":9,"irsad_score":1081,"national_rank":1809,"sa2_main16":"212051323","state_percentile":83,"state_decile":9},"id":"sa2_seifa_irsad_2016.fid--4832820e_179207e8276_50b6"},{"type":"Feature","properties":{"sa2_name16":"Mount Waverley - South","state_rank":373,"national_percentile":83,"national_decile":9,"irsad_score":1080,"national_rank":1804,"sa2_main16":"212051324","state_percentile":82,"state_decile":9},"id":"sa2_seifa_irsad_2016.fid--4832820e_179207e8276_50b7"},{"type":"Feature","properties":{"sa2_name16":"Mulgrave","state_rank":301,"national_percentile":69,"national_decile":7,"irsad_score":1041,"national_rank":1489,"sa2_main16":"212051325","state_percentile":67,"state_decile":7},"id":"sa2_seifa_irsad_2016.fid--4832820e_179207e8276_50b8"},{"type":"Feature","properties":{"sa2_name16":"Oakleigh - Huntingdale","state_rank":304,"national_percentile":69,"national_decile":7,"irsad_score":1043,"national_rank":1502,"sa2_main16":"212051326","state_percentile":67,"state_decile":7},"id":"sa2_seifa_irsad_2016.fid--4832820e_179207e8276_50b9"},{"type":"Feature","properties":{"sa2_name16":"Wheelers Hill","state_rank":371,"national_percentile":83,"national_decile":9,"irsad_score":1079,"national_rank":1795,"sa2_main16":"212051327","state_percentile":82,"state_decile":9},"id":"sa2_seifa_irsad_2016.fid--4832820e_179207e8276_50ba"},{"type":"Feature","properties":{"sa2_name16":"Ardeer - Albion","state_rank":34,"national_percentile":12,"national_decile":2,"irsad_score":904,"national_rank":253,"sa2_main16":"213011328","state_percentile":8,"state_decile":1},"id":"sa2_seifa_irsad_2016.fid--4832820e_179207e8276_50bb"},{"type":"Feature","properties":{"sa2_name16":"Cairnlea","state_rank":188,"national_percentile":47,"national_decile":5,"irsad_score":988,"national_rank":1006,"sa2_main16":"213011329","state_percentile":42,"state_decile":5},"id":"sa2_seifa_irsad_2016.fid--4832820e_179207e8276_50bc"},{"type":"Feature","properties":{"sa2_name16":"Keilor Downs","state_rank":139,"national_percentile":37,"national_decile":4,"irsad_score":965,"national_rank":787,"sa2_main16":"213011332","state_percentile":31,"state_decile":4},"id":"sa2_seifa_irsad_2016.fid--4832820e_179207e8276_50bd"},{"type":"Feature","properties":{"sa2_name16":"Deer Park - Derrimut","state_rank":97,"national_percentile":29,"national_decile":3,"irsad_score":948,"national_rank":616,"sa2_main16":"213011330","state_percentile":22,"state_decile":3},"id":"sa2_seifa_irsad_2016.fid--4832820e_179207e8276_50be"},{"type":"Feature","properties":{"sa2_name16":"Delahey","state_rank":46,"national_percentile":16,"national_decile":2,"irsad_score":917,"national_rank":347,"sa2_main16":"213011331","state_percentile":11,"state_decile":2},"id":"sa2_seifa_irsad_2016.fid--4832820e_179207e8276_50bf"},{"type":"Feature","properties":{"sa2_name16":"Kings Park (Vic.)","state_rank":11,"national_percentile":5,"national_decile":1,"irsad_score":865,"national_rank":106,"sa2_main16":"213011333","state_percentile":3,"state_decile":1},"id":"sa2_seifa_irsad_2016.fid--4832820e_179207e8276_50c0"},{"type":"Feature","properties":{"sa2_name16":"St Albans - North","state_rank":10,"national_percentile":5,"national_decile":1,"irsad_score":864,"national_rank":101,"sa2_main16":"213011334","state_percentile":3,"state_decile":1},"id":"sa2_seifa_irsad_2016.fid--4832820e_179207e8276_50c1"},{"type":"Feature","properties":{"sa2_name16":"Altona North","state_rank":119,"national_percentile":33,"national_decile":4,"irsad_score":958,"national_rank":702,"sa2_main16":"213021343","state_percentile":27,"state_decile":3},"id":"sa2_seifa_irsad_2016.fid--4832820e_179207e8276_50c2"},{"type":"Feature","properties":{"sa2_name16":"St Albans - South","state_rank":9,"national_percentile":5,"national_decile":1,"irsad_score":862,"national_rank":95,"sa2_main16":"213011335","state_percentile":2,"state_decile":1},"id":"sa2_seifa_irsad_2016.fid--4832820e_179207e8276_50c3"},{"type":"Feature","properties":{"sa2_name16":"Sunshine North","state_rank":16,"national_percentile":8,"national_decile":1,"irsad_score":884,"national_rank":167,"sa2_main16":"213011337","state_percentile":4,"state_decile":1},"id":"sa2_seifa_irsad_2016.fid--4832820e_179207e8276_50c4"},{"type":"Feature","properties":{"sa2_name16":"Sunshine","state_rank":64,"national_percentile":20,"national_decile":2,"irsad_score":929,"national_rank":434,"sa2_main16":"213011336","state_percentile":15,"state_decile":2},"id":"sa2_seifa_irsad_2016.fid--4832820e_179207e8276_50c5"},{"type":"Feature","properties":{"sa2_name16":"Sydenham","state_rank":166,"national_percentile":42,"national_decile":5,"irsad_score":978,"national_rank":912,"sa2_main16":"213011339","state_percentile":37,"state_decile":4},"id":"sa2_seifa_irsad_2016.fid--4832820e_179207e8276_50c6"},{"type":"Feature","properties":{"sa2_name16":"Sunshine West","state_rank":29,"national_percentile":10,"national_decile":1,"irsad_score":896,"national_rank":212,"sa2_main16":"213011338","state_percentile":7,"state_decile":1},"id":"sa2_seifa_irsad_2016.fid--4832820e_179207e8276_50c7"},{"type":"Feature","properties":{"sa2_name16":"Taylors Lakes","state_rank":289,"national_percentile":66,"national_decile":7,"irsad_score":1037,"national_rank":1434,"sa2_main16":"213011340","state_percentile":64,"state_decile":7},"id":"sa2_seifa_irsad_2016.fid--4832820e_179207e8276_50c8"},{"type":"Feature","properties":{"sa2_name16":"Altona","state_rank":276,"national_percentile":64,"national_decile":7,"irsad_score":1031,"national_rank":1390,"sa2_main16":"213021341","state_percentile":61,"state_decile":7},"id":"sa2_seifa_irsad_2016.fid--4832820e_179207e8276_50c9"},{"type":"Feature","properties":{"sa2_name16":"Newport","state_rank":398,"national_percentile":86,"national_decile":9,"irsad_score":1089,"national_rank":1871,"sa2_main16":"213021344","state_percentile":88,"state_decile":9},"id":"sa2_seifa_irsad_2016.fid--4832820e_179207e8276_50ca"},{"type":"Feature","properties":{"sa2_name16":"Seabrook","state_rank":228,"national_percentile":53,"national_decile":6,"irsad_score":1004,"national_rank":1158,"sa2_main16":"213021345","state_percentile":51,"state_decile":6},"id":"sa2_seifa_irsad_2016.fid--4832820e_179207e8276_50cb"},{"type":"Feature","properties":{"sa2_name16":"Williamstown","state_rank":401,"national_percentile":87,"national_decile":9,"irsad_score":1091,"national_rank":1884,"sa2_main16":"213021346","state_percentile":89,"state_decile":9},"id":"sa2_seifa_irsad_2016.fid--4832820e_179207e8276_50cc"},{"type":"Feature","properties":{"sa2_name16":"West Footscray - Tottenham","state_rank":241,"national_percentile":56,"national_decile":6,"irsad_score":1010,"national_rank":1218,"sa2_main16":"213031351","state_percentile":53,"state_decile":6},"id":"sa2_seifa_irsad_2016.fid--4832820e_179207e8276_50cd"},{"type":"Feature","properties":{"sa2_name16":"Braybrook","state_rank":74,"national_percentile":23,"national_decile":3,"irsad_score":935,"national_rank":498,"sa2_main16":"213031347","state_percentile":17,"state_decile":2},"id":"sa2_seifa_irsad_2016.fid--4832820e_179207e8276_50ce"},{"type":"Feature","properties":{"sa2_name16":"Footscray","state_rank":196,"national_percentile":49,"national_decile":5,"irsad_score":993,"national_rank":1052,"sa2_main16":"213031348","state_percentile":44,"state_decile":5},"id":"sa2_seifa_irsad_2016.fid--4832820e_179207e8276_50cf"},{"type":"Feature","properties":{"sa2_name16":"Maribyrnong","state_rank":346,"national_percentile":77,"national_decile":8,"irsad_score":1063,"national_rank":1668,"sa2_main16":"213031349","state_percentile":77,"state_decile":8},"id":"sa2_seifa_irsad_2016.fid--4832820e_179207e8276_50d0"},{"type":"Feature","properties":{"sa2_name16":"Seddon - Kingsville","state_rank":364,"national_percentile":82,"national_decile":9,"irsad_score":1076,"national_rank":1771,"sa2_main16":"213031350","state_percentile":81,"state_decile":9},"id":"sa2_seifa_irsad_2016.fid--4832820e_179207e8276_50d1"},{"type":"Feature","properties":{"sa2_name16":"Yarraville","state_rank":395,"national_percentile":86,"national_decile":9,"irsad_score":1089,"national_rank":1864,"sa2_main16":"213031352","state_percentile":87,"state_decile":9},"id":"sa2_seifa_irsad_2016.fid--4832820e_179207e8276_50d2"},{"type":"Feature","properties":{"sa2_name16":"Bacchus Marsh","state_rank":177,"national_percentile":45,"national_decile":5,"irsad_score":984,"national_rank":962,"sa2_main16":"213041353","state_percentile":39,"state_decile":4},"id":"sa2_seifa_irsad_2016.fid--4832820e_179207e8276_50d3"},{"type":"Feature","properties":{"sa2_name16":"Hillside","state_rank":277,"national_percentile":64,"national_decile":7,"irsad_score":1032,"national_rank":1394,"sa2_main16":"213041355","state_percentile":61,"state_decile":7},"id":"sa2_seifa_irsad_2016.fid--4832820e_179207e8276_50d4"},{"type":"Feature","properties":{"sa2_name16":"Melton","state_rank":39,"national_percentile":14,"national_decile":2,"irsad_score":910,"national_rank":292,"sa2_main16":"213041356","state_percentile":9,"state_decile":1},"id":"sa2_seifa_irsad_2016.fid--4832820e_179207e8276_50d5"},{"type":"Feature","properties":{"sa2_name16":"Melton South","state_rank":76,"national_percentile":24,"national_decile":3,"irsad_score":936,"national_rank":507,"sa2_main16":"213041357","state_percentile":17,"state_decile":2},"id":"sa2_seifa_irsad_2016.fid--4832820e_179207e8276_50d6"},{"type":"Feature","properties":{"sa2_name16":"Melton West","state_rank":92,"national_percentile":28,"national_decile":3,"irsad_score":947,"national_rank":598,"sa2_main16":"213041358","state_percentile":21,"state_decile":3},"id":"sa2_seifa_irsad_2016.fid--4832820e_179207e8276_50d7"},{"type":"Feature","properties":{"sa2_name16":"Rockbank - Mount Cottrell","state_rank":24,"national_percentile":9,"national_decile":1,"irsad_score":889,"national_rank":186,"sa2_main16":"213041359","state_percentile":6,"state_decile":1},"id":"sa2_seifa_irsad_2016.fid--4832820e_179207e8276_50d8"},{"type":"Feature","properties":{"sa2_name16":"Taylors Hill","state_rank":283,"national_percentile":65,"national_decile":7,"irsad_score":1035,"national_rank":1416,"sa2_main16":"213041360","state_percentile":63,"state_decile":7},"id":"sa2_seifa_irsad_2016.fid--4832820e_179207e8276_50d9"},{"type":"Feature","properties":{"sa2_name16":"Burnside","state_rank":136,"national_percentile":36,"national_decile":4,"irsad_score":964,"national_rank":769,"sa2_main16":"213041461","state_percentile":30,"state_decile":3},"id":"sa2_seifa_irsad_2016.fid--4832820e_179207e8276_50da"},{"type":"Feature","properties":{"sa2_name16":"Hoppers Crossing - South","state_rank":90,"national_percentile":28,"national_decile":3,"irsad_score":946,"national_rank":594,"sa2_main16":"213051362","state_percentile":20,"state_decile":2},"id":"sa2_seifa_irsad_2016.fid--4832820e_179207e8276_50db"},{"type":"Feature","properties":{"sa2_name16":"Burnside Heights","state_rank":254,"national_percentile":59,"national_decile":6,"irsad_score":1019,"national_rank":1283,"sa2_main16":"213041462","state_percentile":56,"state_decile":6},"id":"sa2_seifa_irsad_2016.fid--4832820e_179207e8276_50dc"},{"type":"Feature","properties":{"sa2_name16":"Caroline Springs","state_rank":275,"national_percentile":64,"national_decile":7,"irsad_score":1030,"national_rank":1378,"sa2_main16":"213041463","state_percentile":61,"state_decile":7},"id":"sa2_seifa_irsad_2016.fid--4832820e_179207e8276_50dd"},{"type":"Feature","properties":{"sa2_name16":"Hoppers Crossing - North","state_rank":151,"national_percentile":39,"national_decile":4,"irsad_score":972,"national_rank":850,"sa2_main16":"213051361","state_percentile":34,"state_decile":4},"id":"sa2_seifa_irsad_2016.fid--4832820e_179207e8276_50de"},{"type":"Feature","properties":{"sa2_name16":"Laverton","state_rank":219,"national_percentile":52,"national_decile":6,"irsad_score":1000,"national_rank":1128,"sa2_main16":"213051363","state_percentile":49,"state_decile":5},"id":"sa2_seifa_irsad_2016.fid--4832820e_179207e8276_50df"},{"type":"Feature","properties":{"sa2_name16":"Tarneit","state_rank":244,"national_percentile":57,"national_decile":6,"irsad_score":1012,"national_rank":1229,"sa2_main16":"213051365","state_percentile":54,"state_decile":6},"id":"sa2_seifa_irsad_2016.fid--4832820e_179207e8276_50e0"},{"type":"Feature","properties":{"sa2_name16":"Truganina","state_rank":265,"national_percentile":62,"national_decile":7,"irsad_score":1024,"national_rank":1333,"sa2_main16":"213051366","state_percentile":59,"state_decile":6},"id":"sa2_seifa_irsad_2016.fid--4832820e_179207e8276_50e1"},{"type":"Feature","properties":{"sa2_name16":"Werribee - South","state_rank":159,"national_percentile":41,"national_decile":5,"irsad_score":975,"national_rank":874,"sa2_main16":"213051368","state_percentile":35,"state_decile":4},"id":"sa2_seifa_irsad_2016.fid--4832820e_179207e8276_50e2"},{"type":"Feature","properties":{"sa2_name16":"Wyndham Vale","state_rank":154,"national_percentile":40,"national_decile":4,"irsad_score":973,"national_rank":860,"sa2_main16":"213051369","state_percentile":34,"state_decile":4},"id":"sa2_seifa_irsad_2016.fid--4832820e_179207e8276_50e3"},{"type":"Feature","properties":{"sa2_name16":"Point Cook - East","state_rank":406,"national_percentile":88,"national_decile":9,"irsad_score":1096,"national_rank":1905,"sa2_main16":"213051464","state_percentile":90,"state_decile":9},"id":"sa2_seifa_irsad_2016.fid--4832820e_179207e8276_50e4"},{"type":"Feature","properties":{"sa2_name16":"Point Cook - North","state_rank":340,"national_percentile":76,"national_decile":8,"irsad_score":1060,"national_rank":1649,"sa2_main16":"213051465","state_percentile":75,"state_decile":8},"id":"sa2_seifa_irsad_2016.fid--4832820e_179207e8276_50e5"},{"type":"Feature","properties":{"sa2_name16":"Werribee - East","state_rank":33,"national_percentile":12,"national_decile":2,"irsad_score":902,"national_rank":242,"sa2_main16":"213051467","state_percentile":8,"state_decile":1},"id":"sa2_seifa_irsad_2016.fid--4832820e_179207e8276_50e6"},{"type":"Feature","properties":{"sa2_name16":"Werribee - West","state_rank":167,"national_percentile":42,"national_decile":5,"irsad_score":979,"national_rank":913,"sa2_main16":"213051468","state_percentile":37,"state_decile":4},"id":"sa2_seifa_irsad_2016.fid--4832820e_179207e8276_50e7"},{"type":"Feature","properties":{"sa2_name16":"Carrum Downs","state_rank":99,"national_percentile":29,"national_decile":3,"irsad_score":948,"national_rank":618,"sa2_main16":"214011370","state_percentile":22,"state_decile":3},"id":"sa2_seifa_irsad_2016.fid--4832820e_179207e8276_50e8"},{"type":"Feature","properties":{"sa2_name16":"Frankston","state_rank":106,"national_percentile":30,"national_decile":3,"irsad_score":952,"national_rank":645,"sa2_main16":"214011371","state_percentile":24,"state_decile":3},"id":"sa2_seifa_irsad_2016.fid--4832820e_179207e8276_50e9"},{"type":"Feature","properties":{"sa2_name16":"Frankston North","state_rank":31,"national_percentile":11,"national_decile":2,"irsad_score":902,"national_rank":236,"sa2_main16":"214011372","state_percentile":7,"state_decile":1},"id":"sa2_seifa_irsad_2016.fid--4832820e_179207e8276_50ea"},{"type":"Feature","properties":{"sa2_name16":"Frankston South","state_rank":347,"national_percentile":77,"national_decile":8,"irsad_score":1064,"national_rank":1677,"sa2_main16":"214011373","state_percentile":77,"state_decile":8},"id":"sa2_seifa_irsad_2016.fid--4832820e_179207e8276_50eb"},{"type":"Feature","properties":{"sa2_name16":"Langwarrin","state_rank":247,"national_percentile":57,"national_decile":6,"irsad_score":1013,"national_rank":1241,"sa2_main16":"214011374","state_percentile":55,"state_decile":6},"id":"sa2_seifa_irsad_2016.fid--4832820e_179207e8276_50ec"},{"type":"Feature","properties":{"sa2_name16":"Seaford (Vic.)","state_rank":160,"national_percentile":41,"national_decile":5,"irsad_score":975,"national_rank":876,"sa2_main16":"214011375","state_percentile":36,"state_decile":4},"id":"sa2_seifa_irsad_2016.fid--4832820e_179207e8276_50ed"},{"type":"Feature","properties":{"sa2_name16":"Skye - Sandhurst","state_rank":305,"national_percentile":69,"national_decile":7,"irsad_score":1043,"national_rank":1507,"sa2_main16":"214011376","state_percentile":68,"state_decile":7},"id":"sa2_seifa_irsad_2016.fid--4832820e_179207e8276_50ee"},{"type":"Feature","properties":{"sa2_name16":"Dromana","state_rank":192,"national_percentile":47,"national_decile":5,"irsad_score":991,"national_rank":1024,"sa2_main16":"214021377","state_percentile":43,"state_decile":5},"id":"sa2_seifa_irsad_2016.fid--4832820e_179207e8276_50ef"},{"type":"Feature","properties":{"sa2_name16":"Flinders","state_rank":380,"national_percentile":84,"national_decile":9,"irsad_score":1082,"national_rank":1819,"sa2_main16":"214021378","state_percentile":84,"state_decile":9},"id":"sa2_seifa_irsad_2016.fid--4832820e_179207e8276_50f0"},{"type":"Feature","properties":{"sa2_name16":"Hastings - Somers","state_rank":141,"national_percentile":37,"national_decile":4,"irsad_score":965,"national_rank":789,"sa2_main16":"214021379","state_percentile":31,"state_decile":4},"id":"sa2_seifa_irsad_2016.fid--4832820e_179207e8276_50f1"},{"type":"Feature","properties":{"sa2_name16":"Mornington","state_rank":234,"national_percentile":55,"national_decile":6,"irsad_score":1006,"national_rank":1182,"sa2_main16":"214021380","state_percentile":52,"state_decile":6},"id":"sa2_seifa_irsad_2016.fid--4832820e_179207e8276_50f2"},{"type":"Feature","properties":{"sa2_name16":"Mount Eliza","state_rank":435,"national_percentile":94,"national_decile":10,"irsad_score":1121,"national_rank":2033,"sa2_main16":"214021381","state_percentile":96,"state_decile":10},"id":"sa2_seifa_irsad_2016.fid--4832820e_179207e8276_50f3"},{"type":"Feature","properties":{"sa2_name16":"Mount Martha","state_rank":366,"national_percentile":82,"national_decile":9,"irsad_score":1076,"national_rank":1773,"sa2_main16":"214021382","state_percentile":81,"state_decile":9},"id":"sa2_seifa_irsad_2016.fid--4832820e_179207e8276_50f4"},{"type":"Feature","properties":{"sa2_name16":"Point Nepean","state_rank":195,"national_percentile":48,"national_decile":5,"irsad_score":992,"national_rank":1042,"sa2_main16":"214021383","state_percentile":43,"state_decile":5},"id":"sa2_seifa_irsad_2016.fid--4832820e_179207e8276_50f5"},{"type":"Feature","properties":{"sa2_name16":"Rosebud - McCrae","state_rank":72,"national_percentile":23,"national_decile":3,"irsad_score":934,"national_rank":489,"sa2_main16":"214021384","state_percentile":16,"state_decile":2},"id":"sa2_seifa_irsad_2016.fid--4832820e_179207e8276_50f6"},{"type":"Feature","properties":{"sa2_name16":"Somerville","state_rank":231,"national_percentile":54,"national_decile":6,"irsad_score":1005,"national_rank":1174,"sa2_main16":"214021385","state_percentile":51,"state_decile":6},"id":"sa2_seifa_irsad_2016.fid--4832820e_179207e8276_50f7"}]}