{"organisation":"AU_Govt_ABS","name":"sa2_seifa_irsad_2016","title":"ABS - Socio-Economic Indexes for Areas (SEIFA) - The Index of Relative Socio-economic Advantage and Disadvantage (SA2) 2016","legal":{"copyrightYear":"2018","attributionYear":"2018","attribution":"{datasource.organisationTitle}, ({dataset.attributionYear}): {dataset.title}; accessed from AURIN on {dateOfAccess}.","clickthrough":false,"licenceType":"Creative Commons Attribution 2.5 Australia (CC BY 2.5 AU)","copyrightNotice":"&copy; {datasource.organisationTitle} {dataset.copyrightYear}"},"referenceSystemIdentifier":"urn:x-ogc:def:crs:EPSG:4283","geoLevel":"sa2_2016","key":"sa2_main16","keyRegex":null,"availability":"true","geomField":"wkb_geometry","keyword":"seifa,2016,index,asgs aggregation,aus,disadvantage,australia,advantage,socio-economic,census,socio-economic indexes for areas,irsad","theme":null,"temporalExtent":{"beginDate":"2016-08-09T00:00:00","endDate":"2016-08-11T00:00:00","selectTime":false},"type":"dataset","_id":"dataset-AU_Govt_ABS-sa2_seifa_irsad_2016-sa2_2016","bbox":[96.81,-43.75,159.11,-9.14],"abstract":"This data is SA2 based SEIFA data on The Index of Relative Socio-economic Advantage and Disadvantage, 2016. Data is based upon 2016 ASGS boundaries.\n<br/>\n\nSocio-Economic Indexes for Areas (SEIFA) is an ABS product that ranks areas in Australia according to relative socio-economic advantage and disadvantage. The indexes are based on information from the five-yearly Census of Population and Housing. <br/>\n\nSEIFA 2016 has been created from Census 2016 data and consists of four indexes: The Index of Relative Socio-economic Disadvantage (IRSD); The Index of Relative Socio-economic Advantage and Disadvantage (IRSAD); The Index of Education and Occupation (IEO); The Index of Economic Resources (IER).<br/>\n\nEach index is a summary of a different subset of Census variables and focuses on a different aspect of socio-economic advantage and disadvantage. <br/>\n\nThis data is ABS data (catalogue number: 2033.0.55.001) used with permission from the Australian Bureau of Statistics. <br/>\n\nFor more information on this data please visit the <a href='http://www.abs.gov.au/AUSSTATS/abs@.nsf/Lookup/2033.0.55.001Main+Features12016?OpenDocument' target='_blank'>Australian Bureau of Statistics</a>.","selectedAttributes":[{"name":"sa2_main16","type":"String","title":"SA2 9-digit code 2016","description":"SA2 9-digit code 2016.","stype":"nominal","isDimension":false},{"name":"irsad_score","type":"Double","title":"IRSAD Score","description":"irsad_score","isDimension":false},{"name":"national_percentile","type":"Double","title":"Ranking within Australia - Percentile","description":"Ranking within Australia - Percentile.","stype":"ratio","isDimension":false},{"name":"national_rank","type":"Integer","title":"Ranking within Australia - Rank","description":"Ranking within Australia - Rank.","stype":"ratio","isDimension":false},{"name":"state_percentile","type":"Double","title":"Ranking within State or Territory - Percentile","description":"Ranking within State or Territory - Percentile.","stype":"ratio","isDimension":false},{"name":"state_rank","type":"Integer","title":"Ranking within State or Territory - Rank","description":"Ranking within State or Territory - Rank.","stype":"ratio","isDimension":false},{"name":"sa2_name16","type":"String","title":"SA2 name 2016","description":"SA2 name 2016.","stype":"nominal","isDimension":false},{"name":"state_decile","type":"Double","title":"Ranking within State or Territory - Decile","description":"Ranking within State or Territory - Decile.","stype":"ratio","isDimension":false},{"name":"national_decile","type":"Double","title":"Ranking within Australia - Decile","description":"Ranking within Australia - Decile.","stype":"ratio","isDimension":false}],"filter":{"filterType":"tabular","feature":{"key":"sa2_main16","geoLevel":"sa2_2016","geoField":"ignored","year":"2006","featureBbox":[144.33363404800002,-38.50298801599996,145.8784120140001,-37.17509899299995],"featureType":"gccsa_2016","featureInstance":"2GMEL","featureName":"Greater Melbourne","referenceSystemIdentifier":"urn:x-ogc:def:crs:EPSG:4283","prefix":"","keyTransform":null},"states":["2"]}}