{"organisation":"AU_Govt_ABS","name":"abs_data_by_region_education_and_employment_asgs_sa2_2011_2019","title":"ABS - Data by Region - Education & Employment (SA2) 2011-2019","legal":{"copyrightYear":"2020","attributionYear":"2020","attribution":"{datasource.organisationTitle}, ({dataset.attributionYear}): {dataset.title}; accessed from AURIN on {dateOfAccess}.","clickthrough":false,"licenceType":"Creative Commons Attribution 4.0 International (CC BY 4.0)","copyrightNotice":"&copy; {datasource.organisationTitle} {dataset.copyrightYear}"},"referenceSystemIdentifier":"urn:x-ogc:def:crs:EPSG:4283","geoLevel":"sa2_2016","key":"sa2_maincode_2016","keyRegex":null,"availability":"true","geomField":"geometry","keyword":"Education,Economic,Employment","theme":"","temporalExtent":{"beginDate":"2011-01-01T00:00:00","endDate":"2019-12-31T00:00:00","selectTime":false},"type":"dataset","_id":"dataset-AU_Govt_ABS-abs_data_by_region_education_and_employment_asgs_sa2_2011_2019-sa2_2016","bbox":[96.82,-43.74,168,-9.14],"abstract":"This dataset presents data on education and employment available from the ABS Data by Region statistics. This release of Data by Region presents various data for 2011-2019 and Census of Population and Housing data for 2011 and 2016 and is based on the Statistical Area 2 (SA2) 2016 boundaries. The dataset includes information in the following specified areas of education and employment: Early Childhood - Enrolment and Attendance in Preschool Programs, Non-School Qualifications, Higher Education Loan Program (HELP) Repayments, Highest Year of School Completed, Occupation of Employed Persons, Youth Engagement in Work or Study, Jobs in Australia and Labour Force.<br/><br/>\n\nData by Region contains a standard set of data for each region type, depending on the availability of statistics for particular geographies. Data are sourced from a wide variety of collections, both ABS and non-ABS. When analysing these statistics, care needs to be taken as time periods, definitions, methodologies, scope and coverage can differ across collections. Where available, data have been presented as a time series - to enable users to assess changes over time. However, when looked at on a period to period basis, some series may sometimes appear volatile. When analysing the data, users are encouraged to consider the longer term behaviour of the series, where this extra information is available.<br/><br/>\n\nFor more information please visit the <a href=\"https://www.abs.gov.au/AUSSTATS/abs@.nsf/Lookup/1410.0Explanatory%20Notes12014-19?OpenDocument\" target=\"_blank\">Explanatory Notes</a>.<br/><br/> AURIN has made the following changes to the original data:\n<ul><li>Spatially enabled the <a href=\"https://www.abs.gov.au/AUSSTATS/abs@.nsf/DetailsPage/1410.02014-19?OpenDocument\" target=\"_blank\">original data</a> with the <a href=\"https://www.abs.gov.au/AUSSTATS/abs@.nsf/Lookup/1270.0.55.001Main+Features10018July%202016?OpenDocument\" target=\"_blank\">ABS Australian Statistical Geography Standard (ASGS) SA2 2016 dataset</a>.</li><li>Some data values in Data by Region have been randomly adjusted or suppressed to avoid the release of confidential details.</li><li>Where data was not available, not available for publication, nil or rounded to zero in the original data, it has been set to null.</li><li>Columns and rows that did not contain any values in the original data have been removed.</li></ul>","selectedAttributes":[{"name":"yr","type":"Integer","title":"Year","description":"Year.","stype":"nominal","categories":[{"key":"2011","label":"2011"},{"key":"2014","label":"2014"},{"key":"2015","label":"2015"},{"key":"2016","label":"2016"},{"key":"2017","label":"2017"},{"key":"2018","label":"2018"},{"key":"2019","label":"2019"}],"filterValue":"2016","isDimension":true},{"name":"sa2_maincode_2016","type":"String","title":"SA2 Code","description":"SA2 Code (ASGS 2016).","stype":"nominal","isDimension":false},{"name":"sa2_name_2016","type":"String","title":"SA2 Name","description":"SA2 Name (ASGS 2016).","stype":"nominal","isDimension":false},{"name":"labour_force_status_persons_aged_15_years_census_employed_num","type":"Integer","title":"Labour Force Status - Persons aged 15 years and over - Census Employed (no.)","description":"Labour Force Status - Persons aged 15 years and over - Census Employed (no.).","stype":"nominal","isDimension":false}],"filter":{"filterType":"tabular","where":"(yr IN ('2016'))","feature":{"key":"sa2_maincode_2016","geoLevel":"sa2_2016","geoField":"ignored","year":"2006","featureBbox":[144.33363404800002,-38.50298801599996,145.8784120140001,-37.17509899299995],"featureType":"gccsa_2016","featureInstance":"2GMEL","featureName":"Greater Melbourne","referenceSystemIdentifier":"urn:x-ogc:def:crs:EPSG:4283","prefix":"","keyTransform":null},"states":["2"]}}