{"type":"FeatureCollection","bbox":[0.0,0.0,-1.0,-1.0],"features":[{"type":"Feature","properties":{"sa2_name16":"Cranbourne North","pop_65_over":1290,"sa2_code16":"212031302"},"id":"natsem_social_indicators_dependency_rate_sa2_2016.212031302"},{"type":"Feature","properties":{"sa2_name16":"Cranbourne South","pop_65_over":1261,"sa2_code16":"212031303"},"id":"natsem_social_indicators_dependency_rate_sa2_2016.212031303"},{"type":"Feature","properties":{"sa2_name16":"Cranbourne West","pop_65_over":784,"sa2_code16":"212031304"},"id":"natsem_social_indicators_dependency_rate_sa2_2016.212031304"},{"type":"Feature","properties":{"sa2_name16":"Prahran - Windsor","pop_65_over":2344,"sa2_code16":"206061136"},"id":"natsem_social_indicators_dependency_rate_sa2_2016.206061136"},{"type":"Feature","properties":{"sa2_name16":"Collingwood","pop_65_over":583,"sa2_code16":"206071141"},"id":"natsem_social_indicators_dependency_rate_sa2_2016.206071141"},{"type":"Feature","properties":{"sa2_name16":"Hadfield","pop_65_over":1151,"sa2_code16":"210031440"},"id":"natsem_social_indicators_dependency_rate_sa2_2016.210031440"},{"type":"Feature","properties":{"sa2_name16":"Sunbury","pop_65_over":1527,"sa2_code16":"210041240"},"id":"natsem_social_indicators_dependency_rate_sa2_2016.210041240"},{"type":"Feature","properties":{"sa2_name16":"Sunbury - South","pop_65_over":3693,"sa2_code16":"210041241"},"id":"natsem_social_indicators_dependency_rate_sa2_2016.210041241"},{"type":"Feature","properties":{"sa2_name16":"Fitzroy","pop_65_over":1046,"sa2_code16":"206071142"},"id":"natsem_social_indicators_dependency_rate_sa2_2016.206071142"},{"type":"Feature","properties":{"sa2_name16":"Hughesdale","pop_65_over":1015,"sa2_code16":"208021180"},"id":"natsem_social_indicators_dependency_rate_sa2_2016.208021180"},{"type":"Feature","properties":{"sa2_name16":"Point Cook - South","pop_65_over":408,"sa2_code16":"213051466"},"id":"natsem_social_indicators_dependency_rate_sa2_2016.213051466"},{"type":"Feature","properties":{"sa2_name16":"Blackburn South","pop_65_over":2290,"sa2_code16":"207031162"},"id":"natsem_social_indicators_dependency_rate_sa2_2016.207031162"},{"type":"Feature","properties":{"sa2_name16":"Surrey Hills (East) - Mont Albert","pop_65_over":1557,"sa2_code16":"207031167"},"id":"natsem_social_indicators_dependency_rate_sa2_2016.207031167"},{"type":"Feature","properties":{"sa2_name16":"Brighton East","pop_65_over":3043,"sa2_code16":"208011170"},"id":"natsem_social_indicators_dependency_rate_sa2_2016.208011170"},{"type":"Feature","properties":{"sa2_name16":"Cheltenham - Highett (West)","pop_65_over":1680,"sa2_code16":"208011171"},"id":"natsem_social_indicators_dependency_rate_sa2_2016.208011171"},{"type":"Feature","properties":{"sa2_name16":"Hampton","pop_65_over":2765,"sa2_code16":"208011172"},"id":"natsem_social_indicators_dependency_rate_sa2_2016.208011172"},{"type":"Feature","properties":{"sa2_name16":"Brunswick","pop_65_over":2605,"sa2_code16":"206011105"},"id":"natsem_social_indicators_dependency_rate_sa2_2016.206011105"},{"type":"Feature","properties":{"sa2_name16":"Brunswick East","pop_65_over":1031,"sa2_code16":"206011106"},"id":"natsem_social_indicators_dependency_rate_sa2_2016.206011106"},{"type":"Feature","properties":{"sa2_name16":"Pascoe Vale South","pop_65_over":1401,"sa2_code16":"206011109"},"id":"natsem_social_indicators_dependency_rate_sa2_2016.206011109"},{"type":"Feature","properties":{"sa2_name16":"Docklands","pop_65_over":570,"sa2_code16":"206041118"},"id":"natsem_social_indicators_dependency_rate_sa2_2016.206041118"},{"type":"Feature","properties":{"sa2_name16":"East Melbourne","pop_65_over":877,"sa2_code16":"206041119"},"id":"natsem_social_indicators_dependency_rate_sa2_2016.206041119"},{"type":"Feature","properties":{"sa2_name16":"Hampton Park - Lynbrook","pop_65_over":2173,"sa2_code16":"212031305"},"id":"natsem_social_indicators_dependency_rate_sa2_2016.212031305"},{"type":"Feature","properties":{"sa2_name16":"Altona Meadows","pop_65_over":2740,"sa2_code16":"213021342"},"id":"natsem_social_indicators_dependency_rate_sa2_2016.213021342"},{"type":"Feature","properties":{"sa2_name16":"Flemington Racecourse","pop_65_over":0,"sa2_code16":"206041120"},"id":"natsem_social_indicators_dependency_rate_sa2_2016.206041120"},{"type":"Feature","properties":{"sa2_name16":"South Yarra - West","pop_65_over":1221,"sa2_code16":"206041125"},"id":"natsem_social_indicators_dependency_rate_sa2_2016.206041125"},{"type":"Feature","properties":{"sa2_name16":"Bentleigh East (South)","pop_65_over":2279,"sa2_code16":"208021427"},"id":"natsem_social_indicators_dependency_rate_sa2_2016.208021427"},{"type":"Feature","properties":{"sa2_name16":"Bentleigh - McKinnon","pop_65_over":3410,"sa2_code16":"208021174"},"id":"natsem_social_indicators_dependency_rate_sa2_2016.208021174"},{"type":"Feature","properties":{"sa2_name16":"Aspendale Gardens - Waterways","pop_65_over":1043,"sa2_code16":"208031183"},"id":"natsem_social_indicators_dependency_rate_sa2_2016.208031183"},{"type":"Feature","properties":{"sa2_name16":"Murrumbeena","pop_65_over":1151,"sa2_code16":"208021181"},"id":"natsem_social_indicators_dependency_rate_sa2_2016.208021181"},{"type":"Feature","properties":{"sa2_name16":"Braeside","pop_65_over":0,"sa2_code16":"208031184"},"id":"natsem_social_indicators_dependency_rate_sa2_2016.208031184"},{"type":"Feature","properties":{"sa2_name16":"Southbank","pop_65_over":981,"sa2_code16":"206041126"},"id":"natsem_social_indicators_dependency_rate_sa2_2016.206041126"},{"type":"Feature","properties":{"sa2_name16":"Chelsea Heights","pop_65_over":862,"sa2_code16":"208031187"},"id":"natsem_social_indicators_dependency_rate_sa2_2016.208031187"},{"type":"Feature","properties":{"sa2_name16":"Carnegie","pop_65_over":2422,"sa2_code16":"208021176"},"id":"natsem_social_indicators_dependency_rate_sa2_2016.208021176"},{"type":"Feature","properties":{"sa2_name16":"Coburg","pop_65_over":3447,"sa2_code16":"206011108"},"id":"natsem_social_indicators_dependency_rate_sa2_2016.206011108"},{"type":"Feature","properties":{"sa2_name16":"Brunswick West","pop_65_over":1657,"sa2_code16":"206011107"},"id":"natsem_social_indicators_dependency_rate_sa2_2016.206011107"},{"type":"Feature","properties":{"sa2_name16":"Alphington - Fairfield","pop_65_over":1042,"sa2_code16":"206021110"},"id":"natsem_social_indicators_dependency_rate_sa2_2016.206021110"},{"type":"Feature","properties":{"sa2_name16":"Ormond - Glen Huntly","pop_65_over":1425,"sa2_code16":"208021182"},"id":"natsem_social_indicators_dependency_rate_sa2_2016.208021182"},{"type":"Feature","properties":{"sa2_name16":"Northcote","pop_65_over":3036,"sa2_code16":"206021111"},"id":"natsem_social_indicators_dependency_rate_sa2_2016.206021111"},{"type":"Feature","properties":{"sa2_name16":"West Melbourne","pop_65_over":0,"sa2_code16":"206041127"},"id":"natsem_social_indicators_dependency_rate_sa2_2016.206041127"},{"type":"Feature","properties":{"sa2_name16":"Thornbury","pop_65_over":2381,"sa2_code16":"206021112"},"id":"natsem_social_indicators_dependency_rate_sa2_2016.206021112"},{"type":"Feature","properties":{"sa2_name16":"Port Melbourne","pop_65_over":2308,"sa2_code16":"206051130"},"id":"natsem_social_indicators_dependency_rate_sa2_2016.206051130"},{"type":"Feature","properties":{"sa2_name16":"Ascot Vale","pop_65_over":1558,"sa2_code16":"206031113"},"id":"natsem_social_indicators_dependency_rate_sa2_2016.206031113"},{"type":"Feature","properties":{"sa2_name16":"Essendon - Aberfeldie","pop_65_over":3718,"sa2_code16":"206031114"},"id":"natsem_social_indicators_dependency_rate_sa2_2016.206031114"},{"type":"Feature","properties":{"sa2_name16":"Flemington","pop_65_over":959,"sa2_code16":"206031115"},"id":"natsem_social_indicators_dependency_rate_sa2_2016.206031115"},{"type":"Feature","properties":{"sa2_name16":"Moonee Ponds","pop_65_over":2115,"sa2_code16":"206031116"},"id":"natsem_social_indicators_dependency_rate_sa2_2016.206031116"},{"type":"Feature","properties":{"sa2_name16":"Carlton","pop_65_over":1102,"sa2_code16":"206041117"},"id":"natsem_social_indicators_dependency_rate_sa2_2016.206041117"},{"type":"Feature","properties":{"sa2_name16":"Kensington (Vic.)","pop_65_over":898,"sa2_code16":"206041121"},"id":"natsem_social_indicators_dependency_rate_sa2_2016.206041121"},{"type":"Feature","properties":{"sa2_name16":"Melbourne","pop_65_over":981,"sa2_code16":"206041122"},"id":"natsem_social_indicators_dependency_rate_sa2_2016.206041122"},{"type":"Feature","properties":{"sa2_name16":"Armadale","pop_65_over":1568,"sa2_code16":"206061135"},"id":"natsem_social_indicators_dependency_rate_sa2_2016.206061135"},{"type":"Feature","properties":{"sa2_name16":"North Melbourne","pop_65_over":1289,"sa2_code16":"206041123"},"id":"natsem_social_indicators_dependency_rate_sa2_2016.206041123"},{"type":"Feature","properties":{"sa2_name16":"Parkville","pop_65_over":918,"sa2_code16":"206041124"},"id":"natsem_social_indicators_dependency_rate_sa2_2016.206041124"},{"type":"Feature","properties":{"sa2_name16":"Albert Park","pop_65_over":2516,"sa2_code16":"206051128"},"id":"natsem_social_indicators_dependency_rate_sa2_2016.206051128"},{"type":"Feature","properties":{"sa2_name16":"Elwood","pop_65_over":1206,"sa2_code16":"206051129"},"id":"natsem_social_indicators_dependency_rate_sa2_2016.206051129"},{"type":"Feature","properties":{"sa2_name16":"Port Melbourne Industrial","pop_65_over":0,"sa2_code16":"206051131"},"id":"natsem_social_indicators_dependency_rate_sa2_2016.206051131"},{"type":"Feature","properties":{"sa2_name16":"South Melbourne","pop_65_over":1670,"sa2_code16":"206051132"},"id":"natsem_social_indicators_dependency_rate_sa2_2016.206051132"},{"type":"Feature","properties":{"sa2_name16":"St Kilda","pop_65_over":2512,"sa2_code16":"206051133"},"id":"natsem_social_indicators_dependency_rate_sa2_2016.206051133"},{"type":"Feature","properties":{"sa2_name16":"St Kilda East","pop_65_over":1367,"sa2_code16":"206051134"},"id":"natsem_social_indicators_dependency_rate_sa2_2016.206051134"},{"type":"Feature","properties":{"sa2_name16":"South Yarra - East","pop_65_over":2107,"sa2_code16":"206061137"},"id":"natsem_social_indicators_dependency_rate_sa2_2016.206061137"},{"type":"Feature","properties":{"sa2_name16":"Toorak","pop_65_over":3258,"sa2_code16":"206061138"},"id":"natsem_social_indicators_dependency_rate_sa2_2016.206061138"},{"type":"Feature","properties":{"sa2_name16":"Abbotsford","pop_65_over":713,"sa2_code16":"206071139"},"id":"natsem_social_indicators_dependency_rate_sa2_2016.206071139"},{"type":"Feature","properties":{"sa2_name16":"Carlton North - Princes Hill","pop_65_over":1144,"sa2_code16":"206071140"},"id":"natsem_social_indicators_dependency_rate_sa2_2016.206071140"},{"type":"Feature","properties":{"sa2_name16":"Fitzroy North","pop_65_over":1615,"sa2_code16":"206071143"},"id":"natsem_social_indicators_dependency_rate_sa2_2016.206071143"},{"type":"Feature","properties":{"sa2_name16":"Richmond (Vic.)","pop_65_over":3066,"sa2_code16":"206071144"},"id":"natsem_social_indicators_dependency_rate_sa2_2016.206071144"},{"type":"Feature","properties":{"sa2_name16":"Yarra - North","pop_65_over":1046,"sa2_code16":"206071145"},"id":"natsem_social_indicators_dependency_rate_sa2_2016.206071145"},{"type":"Feature","properties":{"sa2_name16":"Ashburton (Vic.)","pop_65_over":1113,"sa2_code16":"207011146"},"id":"natsem_social_indicators_dependency_rate_sa2_2016.207011146"},{"type":"Feature","properties":{"sa2_name16":"Balwyn","pop_65_over":3186,"sa2_code16":"207011147"},"id":"natsem_social_indicators_dependency_rate_sa2_2016.207011147"},{"type":"Feature","properties":{"sa2_name16":"Camberwell","pop_65_over":4072,"sa2_code16":"207011149"},"id":"natsem_social_indicators_dependency_rate_sa2_2016.207011149"},{"type":"Feature","properties":{"sa2_name16":"Balwyn North","pop_65_over":3397,"sa2_code16":"207011148"},"id":"natsem_social_indicators_dependency_rate_sa2_2016.207011148"},{"type":"Feature","properties":{"sa2_name16":"Kew","pop_65_over":4189,"sa2_code16":"207011153"},"id":"natsem_social_indicators_dependency_rate_sa2_2016.207011153"},{"type":"Feature","properties":{"sa2_name16":"Glen Iris - East","pop_65_over":2314,"sa2_code16":"207011150"},"id":"natsem_social_indicators_dependency_rate_sa2_2016.207011150"},{"type":"Feature","properties":{"sa2_name16":"Hawthorn","pop_65_over":2611,"sa2_code16":"207011151"},"id":"natsem_social_indicators_dependency_rate_sa2_2016.207011151"},{"type":"Feature","properties":{"sa2_name16":"Hawthorn East","pop_65_over":1983,"sa2_code16":"207011152"},"id":"natsem_social_indicators_dependency_rate_sa2_2016.207011152"},{"type":"Feature","properties":{"sa2_name16":"Kew East","pop_65_over":1034,"sa2_code16":"207011154"},"id":"natsem_social_indicators_dependency_rate_sa2_2016.207011154"},{"type":"Feature","properties":{"sa2_name16":"Surrey Hills (West) - Canterbury","pop_65_over":2930,"sa2_code16":"207011155"},"id":"natsem_social_indicators_dependency_rate_sa2_2016.207011155"},{"type":"Feature","properties":{"sa2_name16":"Bulleen","pop_65_over":2652,"sa2_code16":"207021156"},"id":"natsem_social_indicators_dependency_rate_sa2_2016.207021156"},{"type":"Feature","properties":{"sa2_name16":"Doncaster","pop_65_over":4606,"sa2_code16":"207021157"},"id":"natsem_social_indicators_dependency_rate_sa2_2016.207021157"},{"type":"Feature","properties":{"sa2_name16":"Templestowe","pop_65_over":3645,"sa2_code16":"207021159"},"id":"natsem_social_indicators_dependency_rate_sa2_2016.207021159"},{"type":"Feature","properties":{"sa2_name16":"Templestowe Lower","pop_65_over":3456,"sa2_code16":"207021160"},"id":"natsem_social_indicators_dependency_rate_sa2_2016.207021160"},{"type":"Feature","properties":{"sa2_name16":"Doncaster East (North)","pop_65_over":2766,"sa2_code16":"207021424"},"id":"natsem_social_indicators_dependency_rate_sa2_2016.207021424"},{"type":"Feature","properties":{"sa2_name16":"Doncaster East (South)","pop_65_over":2966,"sa2_code16":"207021425"},"id":"natsem_social_indicators_dependency_rate_sa2_2016.207021425"},{"type":"Feature","properties":{"sa2_name16":"Blackburn","pop_65_over":3722,"sa2_code16":"207031161"},"id":"natsem_social_indicators_dependency_rate_sa2_2016.207031161"},{"type":"Feature","properties":{"sa2_name16":"Box Hill","pop_65_over":2633,"sa2_code16":"207031163"},"id":"natsem_social_indicators_dependency_rate_sa2_2016.207031163"},{"type":"Feature","properties":{"sa2_name16":"Caulfield - North","pop_65_over":3400,"sa2_code16":"208021177"},"id":"natsem_social_indicators_dependency_rate_sa2_2016.208021177"},{"type":"Feature","properties":{"sa2_name16":"Box Hill North","pop_65_over":2740,"sa2_code16":"207031164"},"id":"natsem_social_indicators_dependency_rate_sa2_2016.207031164"},{"type":"Feature","properties":{"sa2_name16":"Burwood","pop_65_over":1939,"sa2_code16":"207031165"},"id":"natsem_social_indicators_dependency_rate_sa2_2016.207031165"},{"type":"Feature","properties":{"sa2_name16":"Burwood East","pop_65_over":2236,"sa2_code16":"207031166"},"id":"natsem_social_indicators_dependency_rate_sa2_2016.207031166"},{"type":"Feature","properties":{"sa2_name16":"Bentleigh East (North)","pop_65_over":2127,"sa2_code16":"208021426"},"id":"natsem_social_indicators_dependency_rate_sa2_2016.208021426"},{"type":"Feature","properties":{"sa2_name16":"Beaumaris","pop_65_over":2771,"sa2_code16":"208011168"},"id":"natsem_social_indicators_dependency_rate_sa2_2016.208011168"},{"type":"Feature","properties":{"sa2_name16":"Caulfield - South","pop_65_over":3382,"sa2_code16":"208021178"},"id":"natsem_social_indicators_dependency_rate_sa2_2016.208021178"},{"type":"Feature","properties":{"sa2_name16":"Brighton (Vic.)","pop_65_over":4933,"sa2_code16":"208011169"},"id":"natsem_social_indicators_dependency_rate_sa2_2016.208011169"},{"type":"Feature","properties":{"sa2_name16":"Elsternwick","pop_65_over":1642,"sa2_code16":"208021179"},"id":"natsem_social_indicators_dependency_rate_sa2_2016.208021179"},{"type":"Feature","properties":{"sa2_name16":"Sandringham - Black Rock","pop_65_over":3498,"sa2_code16":"208011173"},"id":"natsem_social_indicators_dependency_rate_sa2_2016.208011173"},{"type":"Feature","properties":{"sa2_name16":"Carrum - Patterson Lakes","pop_65_over":2078,"sa2_code16":"208031185"},"id":"natsem_social_indicators_dependency_rate_sa2_2016.208031185"},{"type":"Feature","properties":{"sa2_name16":"Chelsea - Bonbeach","pop_65_over":2696,"sa2_code16":"208031186"},"id":"natsem_social_indicators_dependency_rate_sa2_2016.208031186"},{"type":"Feature","properties":{"sa2_name16":"Cheltenham - Highett (East)","pop_65_over":4246,"sa2_code16":"208031188"},"id":"natsem_social_indicators_dependency_rate_sa2_2016.208031188"},{"type":"Feature","properties":{"sa2_name16":"Mentone","pop_65_over":2409,"sa2_code16":"208031190"},"id":"natsem_social_indicators_dependency_rate_sa2_2016.208031190"},{"type":"Feature","properties":{"sa2_name16":"Edithvale - Aspendale","pop_65_over":1963,"sa2_code16":"208031189"},"id":"natsem_social_indicators_dependency_rate_sa2_2016.208031189"},{"type":"Feature","properties":{"sa2_name16":"Bundoora - East","pop_65_over":1945,"sa2_code16":"209011196"},"id":"natsem_social_indicators_dependency_rate_sa2_2016.209011196"},{"type":"Feature","properties":{"sa2_name16":"Moorabbin - Heatherton","pop_65_over":1407,"sa2_code16":"208031191"},"id":"natsem_social_indicators_dependency_rate_sa2_2016.208031191"},{"type":"Feature","properties":{"sa2_name16":"Moorabbin Airport","pop_65_over":0,"sa2_code16":"208031192"},"id":"natsem_social_indicators_dependency_rate_sa2_2016.208031192"},{"type":"Feature","properties":{"sa2_name16":"Greensborough","pop_65_over":3372,"sa2_code16":"209011197"},"id":"natsem_social_indicators_dependency_rate_sa2_2016.209011197"},{"type":"Feature","properties":{"sa2_name16":"Watsonia","pop_65_over":1630,"sa2_code16":"209011204"},"id":"natsem_social_indicators_dependency_rate_sa2_2016.209011204"},{"type":"Feature","properties":{"sa2_name16":"Mordialloc - Parkdale","pop_65_over":3020,"sa2_code16":"208031193"},"id":"natsem_social_indicators_dependency_rate_sa2_2016.208031193"},{"type":"Feature","properties":{"sa2_name16":"Kingsbury","pop_65_over":1256,"sa2_code16":"209021205"},"id":"natsem_social_indicators_dependency_rate_sa2_2016.209021205"},{"type":"Feature","properties":{"sa2_name16":"Reservoir - East","pop_65_over":4683,"sa2_code16":"209021207"},"id":"natsem_social_indicators_dependency_rate_sa2_2016.209021207"},{"type":"Feature","properties":{"sa2_name16":"Reservoir - West","pop_65_over":4361,"sa2_code16":"209021208"},"id":"natsem_social_indicators_dependency_rate_sa2_2016.209021208"},{"type":"Feature","properties":{"sa2_name16":"Essendon Airport","pop_65_over":0,"sa2_code16":"210011227"},"id":"natsem_social_indicators_dependency_rate_sa2_2016.210011227"},{"type":"Feature","properties":{"sa2_name16":"Malvern - Glen Iris","pop_65_over":3465,"sa2_code16":"208041194"},"id":"natsem_social_indicators_dependency_rate_sa2_2016.208041194"},{"type":"Feature","properties":{"sa2_name16":"Preston - West","pop_65_over":1570,"sa2_code16":"209021429"},"id":"natsem_social_indicators_dependency_rate_sa2_2016.209021429"},{"type":"Feature","properties":{"sa2_name16":"Malvern East","pop_65_over":3042,"sa2_code16":"208041195"},"id":"natsem_social_indicators_dependency_rate_sa2_2016.208041195"},{"type":"Feature","properties":{"sa2_name16":"Eltham","pop_65_over":3207,"sa2_code16":"209031209"},"id":"natsem_social_indicators_dependency_rate_sa2_2016.209031209"},{"type":"Feature","properties":{"sa2_name16":"Hurstbridge","pop_65_over":409,"sa2_code16":"209031210"},"id":"natsem_social_indicators_dependency_rate_sa2_2016.209031210"},{"type":"Feature","properties":{"sa2_name16":"Kinglake","pop_65_over":409,"sa2_code16":"209031211"},"id":"natsem_social_indicators_dependency_rate_sa2_2016.209031211"},{"type":"Feature","properties":{"sa2_name16":"Panton Hill - St Andrews","pop_65_over":780,"sa2_code16":"209031212"},"id":"natsem_social_indicators_dependency_rate_sa2_2016.209031212"},{"type":"Feature","properties":{"sa2_name16":"Plenty - Yarrambat","pop_65_over":1247,"sa2_code16":"209031213"},"id":"natsem_social_indicators_dependency_rate_sa2_2016.209031213"},{"type":"Feature","properties":{"sa2_name16":"Research - North Warrandyte","pop_65_over":868,"sa2_code16":"209031214"},"id":"natsem_social_indicators_dependency_rate_sa2_2016.209031214"},{"type":"Feature","properties":{"sa2_name16":"Heidelberg - Rosanna","pop_65_over":2822,"sa2_code16":"209011198"},"id":"natsem_social_indicators_dependency_rate_sa2_2016.209011198"},{"type":"Feature","properties":{"sa2_name16":"Bundoora - West","pop_65_over":1267,"sa2_code16":"209041217"},"id":"natsem_social_indicators_dependency_rate_sa2_2016.209041217"},{"type":"Feature","properties":{"sa2_name16":"Lalor","pop_65_over":4093,"sa2_code16":"209041219"},"id":"natsem_social_indicators_dependency_rate_sa2_2016.209041219"},{"type":"Feature","properties":{"sa2_name16":"Heidelberg West","pop_65_over":2025,"sa2_code16":"209011199"},"id":"natsem_social_indicators_dependency_rate_sa2_2016.209011199"},{"type":"Feature","properties":{"sa2_name16":"Ivanhoe","pop_65_over":1672,"sa2_code16":"209011200"},"id":"natsem_social_indicators_dependency_rate_sa2_2016.209011200"},{"type":"Feature","properties":{"sa2_name16":"Ivanhoe East - Eaglemont","pop_65_over":1440,"sa2_code16":"209011201"},"id":"natsem_social_indicators_dependency_rate_sa2_2016.209011201"},{"type":"Feature","properties":{"sa2_name16":"Montmorency - Briar Hill","pop_65_over":2917,"sa2_code16":"209011202"},"id":"natsem_social_indicators_dependency_rate_sa2_2016.209011202"},{"type":"Feature","properties":{"sa2_name16":"Viewbank - Yallambie","pop_65_over":3423,"sa2_code16":"209011203"},"id":"natsem_social_indicators_dependency_rate_sa2_2016.209011203"},{"type":"Feature","properties":{"sa2_name16":"Preston - East","pop_65_over":2563,"sa2_code16":"209021428"},"id":"natsem_social_indicators_dependency_rate_sa2_2016.209021428"},{"type":"Feature","properties":{"sa2_name16":"Wattle Glen - Diamond Creek","pop_65_over":1536,"sa2_code16":"209031215"},"id":"natsem_social_indicators_dependency_rate_sa2_2016.209031215"},{"type":"Feature","properties":{"sa2_name16":"Epping - East","pop_65_over":1527,"sa2_code16":"209041431"},"id":"natsem_social_indicators_dependency_rate_sa2_2016.209041431"},{"type":"Feature","properties":{"sa2_name16":"Epping - South","pop_65_over":1169,"sa2_code16":"209041432"},"id":"natsem_social_indicators_dependency_rate_sa2_2016.209041432"},{"type":"Feature","properties":{"sa2_name16":"Bundoora - North","pop_65_over":793,"sa2_code16":"209041216"},"id":"natsem_social_indicators_dependency_rate_sa2_2016.209041216"},{"type":"Feature","properties":{"sa2_name16":"Epping - West","pop_65_over":444,"sa2_code16":"209041433"},"id":"natsem_social_indicators_dependency_rate_sa2_2016.209041433"},{"type":"Feature","properties":{"sa2_name16":"Mernda","pop_65_over":972,"sa2_code16":"209041434"},"id":"natsem_social_indicators_dependency_rate_sa2_2016.209041434"},{"type":"Feature","properties":{"sa2_name16":"South Morang (North)","pop_65_over":631,"sa2_code16":"209041435"},"id":"natsem_social_indicators_dependency_rate_sa2_2016.209041435"},{"type":"Feature","properties":{"sa2_name16":"Mill Park - North","pop_65_over":2055,"sa2_code16":"209041220"},"id":"natsem_social_indicators_dependency_rate_sa2_2016.209041220"},{"type":"Feature","properties":{"sa2_name16":"Mill Park - South","pop_65_over":1424,"sa2_code16":"209041221"},"id":"natsem_social_indicators_dependency_rate_sa2_2016.209041221"},{"type":"Feature","properties":{"sa2_name16":"Airport West","pop_65_over":1542,"sa2_code16":"210011226"},"id":"natsem_social_indicators_dependency_rate_sa2_2016.210011226"},{"type":"Feature","properties":{"sa2_name16":"Thomastown","pop_65_over":4067,"sa2_code16":"209041223"},"id":"natsem_social_indicators_dependency_rate_sa2_2016.209041223"},{"type":"Feature","properties":{"sa2_name16":"Wallan","pop_65_over":1461,"sa2_code16":"209041224"},"id":"natsem_social_indicators_dependency_rate_sa2_2016.209041224"},{"type":"Feature","properties":{"sa2_name16":"Whittlesea","pop_65_over":1449,"sa2_code16":"209041225"},"id":"natsem_social_indicators_dependency_rate_sa2_2016.209041225"},{"type":"Feature","properties":{"sa2_name16":"Doreen","pop_65_over":1314,"sa2_code16":"209041430"},"id":"natsem_social_indicators_dependency_rate_sa2_2016.209041430"},{"type":"Feature","properties":{"sa2_name16":"South Morang (South)","pop_65_over":1574,"sa2_code16":"209041436"},"id":"natsem_social_indicators_dependency_rate_sa2_2016.209041436"},{"type":"Feature","properties":{"sa2_name16":"Wollert","pop_65_over":398,"sa2_code16":"209041437"},"id":"natsem_social_indicators_dependency_rate_sa2_2016.209041437"},{"type":"Feature","properties":{"sa2_name16":"Keilor","pop_65_over":1922,"sa2_code16":"210011228"},"id":"natsem_social_indicators_dependency_rate_sa2_2016.210011228"},{"type":"Feature","properties":{"sa2_name16":"Keilor East","pop_65_over":6335,"sa2_code16":"210011229"},"id":"natsem_social_indicators_dependency_rate_sa2_2016.210011229"},{"type":"Feature","properties":{"sa2_name16":"Niddrie - Essendon West","pop_65_over":1078,"sa2_code16":"210011230"},"id":"natsem_social_indicators_dependency_rate_sa2_2016.210011230"},{"type":"Feature","properties":{"sa2_name16":"Strathmore","pop_65_over":1426,"sa2_code16":"210011231"},"id":"natsem_social_indicators_dependency_rate_sa2_2016.210011231"},{"type":"Feature","properties":{"sa2_name16":"Gisborne","pop_65_over":1963,"sa2_code16":"210021232"},"id":"natsem_social_indicators_dependency_rate_sa2_2016.210021232"},{"type":"Feature","properties":{"sa2_name16":"Cranbourne","pop_65_over":2380,"sa2_code16":"212031300"},"id":"natsem_social_indicators_dependency_rate_sa2_2016.212031300"},{"type":"Feature","properties":{"sa2_name16":"Cranbourne East","pop_65_over":2295,"sa2_code16":"212031301"},"id":"natsem_social_indicators_dependency_rate_sa2_2016.212031301"},{"type":"Feature","properties":{"sa2_name16":"Macedon","pop_65_over":604,"sa2_code16":"210021233"},"id":"natsem_social_indicators_dependency_rate_sa2_2016.210021233"},{"type":"Feature","properties":{"sa2_name16":"Riddells Creek","pop_65_over":562,"sa2_code16":"210021234"},"id":"natsem_social_indicators_dependency_rate_sa2_2016.210021234"},{"type":"Feature","properties":{"sa2_name16":"Romsey","pop_65_over":1433,"sa2_code16":"210021235"},"id":"natsem_social_indicators_dependency_rate_sa2_2016.210021235"},{"type":"Feature","properties":{"sa2_name16":"Coburg North","pop_65_over":1192,"sa2_code16":"210031236"},"id":"natsem_social_indicators_dependency_rate_sa2_2016.210031236"},{"type":"Feature","properties":{"sa2_name16":"Fawkner","pop_65_over":2410,"sa2_code16":"210031237"},"id":"natsem_social_indicators_dependency_rate_sa2_2016.210031237"},{"type":"Feature","properties":{"sa2_name16":"Glenroy","pop_65_over":3540,"sa2_code16":"210031438"},"id":"natsem_social_indicators_dependency_rate_sa2_2016.210031438"},{"type":"Feature","properties":{"sa2_name16":"Pascoe Vale","pop_65_over":3358,"sa2_code16":"210031239"},"id":"natsem_social_indicators_dependency_rate_sa2_2016.210031239"},{"type":"Feature","properties":{"sa2_name16":"Gowanbrae","pop_65_over":420,"sa2_code16":"210031439"},"id":"natsem_social_indicators_dependency_rate_sa2_2016.210031439"},{"type":"Feature","properties":{"sa2_name16":"Broadmeadows","pop_65_over":1566,"sa2_code16":"210051242"},"id":"natsem_social_indicators_dependency_rate_sa2_2016.210051242"},{"type":"Feature","properties":{"sa2_name16":"Meadow Heights","pop_65_over":1269,"sa2_code16":"210051247"},"id":"natsem_social_indicators_dependency_rate_sa2_2016.210051247"},{"type":"Feature","properties":{"sa2_name16":"Melbourne Airport","pop_65_over":17,"sa2_code16":"210051248"},"id":"natsem_social_indicators_dependency_rate_sa2_2016.210051248"},{"type":"Feature","properties":{"sa2_name16":"Campbellfield - Coolaroo","pop_65_over":2422,"sa2_code16":"210051243"},"id":"natsem_social_indicators_dependency_rate_sa2_2016.210051243"},{"type":"Feature","properties":{"sa2_name16":"Gladstone Park - Westmeadows","pop_65_over":3116,"sa2_code16":"210051245"},"id":"natsem_social_indicators_dependency_rate_sa2_2016.210051245"},{"type":"Feature","properties":{"sa2_name16":"Greenvale - Bulla","pop_65_over":1554,"sa2_code16":"210051246"},"id":"natsem_social_indicators_dependency_rate_sa2_2016.210051246"},{"type":"Feature","properties":{"sa2_name16":"Croydon South","pop_65_over":731,"sa2_code16":"211031452"},"id":"natsem_social_indicators_dependency_rate_sa2_2016.211031452"},{"type":"Feature","properties":{"sa2_name16":"Roxburgh Park - Somerton","pop_65_over":1336,"sa2_code16":"210051249"},"id":"natsem_social_indicators_dependency_rate_sa2_2016.210051249"},{"type":"Feature","properties":{"sa2_name16":"Tullamarine","pop_65_over":1166,"sa2_code16":"210051250"},"id":"natsem_social_indicators_dependency_rate_sa2_2016.210051250"},{"type":"Feature","properties":{"sa2_name16":"Craigieburn - Central","pop_65_over":748,"sa2_code16":"210051441"},"id":"natsem_social_indicators_dependency_rate_sa2_2016.210051441"},{"type":"Feature","properties":{"sa2_name16":"Craigieburn - North","pop_65_over":411,"sa2_code16":"210051442"},"id":"natsem_social_indicators_dependency_rate_sa2_2016.210051442"},{"type":"Feature","properties":{"sa2_name16":"Craigieburn - West","pop_65_over":678,"sa2_code16":"210051444"},"id":"natsem_social_indicators_dependency_rate_sa2_2016.210051444"},{"type":"Feature","properties":{"sa2_name16":"Mickleham - Yuroke","pop_65_over":248,"sa2_code16":"210051445"},"id":"natsem_social_indicators_dependency_rate_sa2_2016.210051445"},{"type":"Feature","properties":{"sa2_name16":"Bayswater","pop_65_over":2117,"sa2_code16":"211011251"},"id":"natsem_social_indicators_dependency_rate_sa2_2016.211011251"},{"type":"Feature","properties":{"sa2_name16":"Knoxfield - Scoresby","pop_65_over":2234,"sa2_code16":"211011254"},"id":"natsem_social_indicators_dependency_rate_sa2_2016.211011254"},{"type":"Feature","properties":{"sa2_name16":"Craigieburn - South","pop_65_over":877,"sa2_code16":"210051443"},"id":"natsem_social_indicators_dependency_rate_sa2_2016.210051443"},{"type":"Feature","properties":{"sa2_name16":"Lysterfield","pop_65_over":485,"sa2_code16":"211011255"},"id":"natsem_social_indicators_dependency_rate_sa2_2016.211011255"},{"type":"Feature","properties":{"sa2_name16":"Rowville - North","pop_65_over":926,"sa2_code16":"211011257"},"id":"natsem_social_indicators_dependency_rate_sa2_2016.211011257"},{"type":"Feature","properties":{"sa2_name16":"Rowville - South","pop_65_over":1253,"sa2_code16":"211011258"},"id":"natsem_social_indicators_dependency_rate_sa2_2016.211011258"},{"type":"Feature","properties":{"sa2_name16":"Wantirna","pop_65_over":2562,"sa2_code16":"211011259"},"id":"natsem_social_indicators_dependency_rate_sa2_2016.211011259"},{"type":"Feature","properties":{"sa2_name16":"Wantirna South","pop_65_over":3458,"sa2_code16":"211011260"},"id":"natsem_social_indicators_dependency_rate_sa2_2016.211011260"},{"type":"Feature","properties":{"sa2_name16":"Rowville - Central","pop_65_over":1763,"sa2_code16":"211011256"},"id":"natsem_social_indicators_dependency_rate_sa2_2016.211011256"},{"type":"Feature","properties":{"sa2_name16":"Boronia","pop_65_over":3950,"sa2_code16":"211011446"},"id":"natsem_social_indicators_dependency_rate_sa2_2016.211011446"},{"type":"Feature","properties":{"sa2_name16":"Ferntree Gully (North)","pop_65_over":2558,"sa2_code16":"211011447"},"id":"natsem_social_indicators_dependency_rate_sa2_2016.211011447"},{"type":"Feature","properties":{"sa2_name16":"Croydon Hills - Warranwood","pop_65_over":2245,"sa2_code16":"211031265"},"id":"natsem_social_indicators_dependency_rate_sa2_2016.211031265"},{"type":"Feature","properties":{"sa2_name16":"Ringwood","pop_65_over":2854,"sa2_code16":"211031266"},"id":"natsem_social_indicators_dependency_rate_sa2_2016.211031266"},{"type":"Feature","properties":{"sa2_name16":"Ferntree Gully (South) - Upper Ferntree Gully","pop_65_over":2069,"sa2_code16":"211011448"},"id":"natsem_social_indicators_dependency_rate_sa2_2016.211011448"},{"type":"Feature","properties":{"sa2_name16":"Ringwood East","pop_65_over":3402,"sa2_code16":"211031267"},"id":"natsem_social_indicators_dependency_rate_sa2_2016.211031267"},{"type":"Feature","properties":{"sa2_name16":"Ringwood North","pop_65_over":1607,"sa2_code16":"211031268"},"id":"natsem_social_indicators_dependency_rate_sa2_2016.211031268"},{"type":"Feature","properties":{"sa2_name16":"The Basin","pop_65_over":501,"sa2_code16":"211011449"},"id":"natsem_social_indicators_dependency_rate_sa2_2016.211011449"},{"type":"Feature","properties":{"sa2_name16":"Donvale - Park Orchards","pop_65_over":3081,"sa2_code16":"211021261"},"id":"natsem_social_indicators_dependency_rate_sa2_2016.211021261"},{"type":"Feature","properties":{"sa2_name16":"Warrandyte - Wonga Park","pop_65_over":1548,"sa2_code16":"211021262"},"id":"natsem_social_indicators_dependency_rate_sa2_2016.211021262"},{"type":"Feature","properties":{"sa2_name16":"Croydon - East","pop_65_over":2546,"sa2_code16":"211031450"},"id":"natsem_social_indicators_dependency_rate_sa2_2016.211031450"},{"type":"Feature","properties":{"sa2_name16":"Croydon - West","pop_65_over":2785,"sa2_code16":"211031451"},"id":"natsem_social_indicators_dependency_rate_sa2_2016.211031451"},{"type":"Feature","properties":{"sa2_name16":"Bayswater North","pop_65_over":1486,"sa2_code16":"211031263"},"id":"natsem_social_indicators_dependency_rate_sa2_2016.211031263"},{"type":"Feature","properties":{"sa2_name16":"Forest Hill","pop_65_over":2147,"sa2_code16":"211041269"},"id":"natsem_social_indicators_dependency_rate_sa2_2016.211041269"},{"type":"Feature","properties":{"sa2_name16":"Mitcham (Vic.)","pop_65_over":2489,"sa2_code16":"211041270"},"id":"natsem_social_indicators_dependency_rate_sa2_2016.211041270"},{"type":"Feature","properties":{"sa2_name16":"Vermont","pop_65_over":1844,"sa2_code16":"211041272"},"id":"natsem_social_indicators_dependency_rate_sa2_2016.211041272"},{"type":"Feature","properties":{"sa2_name16":"Vermont South","pop_65_over":2786,"sa2_code16":"211041273"},"id":"natsem_social_indicators_dependency_rate_sa2_2016.211041273"},{"type":"Feature","properties":{"sa2_name16":"Nunawading","pop_65_over":2016,"sa2_code16":"211041271"},"id":"natsem_social_indicators_dependency_rate_sa2_2016.211041271"},{"type":"Feature","properties":{"sa2_name16":"Belgrave - Selby","pop_65_over":1134,"sa2_code16":"211051274"},"id":"natsem_social_indicators_dependency_rate_sa2_2016.211051274"},{"type":"Feature","properties":{"sa2_name16":"Chirnside Park","pop_65_over":1694,"sa2_code16":"211051275"},"id":"natsem_social_indicators_dependency_rate_sa2_2016.211051275"},{"type":"Feature","properties":{"sa2_name16":"Healesville - Yarra Glen","pop_65_over":2664,"sa2_code16":"211051276"},"id":"natsem_social_indicators_dependency_rate_sa2_2016.211051276"},{"type":"Feature","properties":{"sa2_name16":"Kilsyth","pop_65_over":1907,"sa2_code16":"211051277"},"id":"natsem_social_indicators_dependency_rate_sa2_2016.211051277"},{"type":"Feature","properties":{"sa2_name16":"Lilydale - Coldstream","pop_65_over":3027,"sa2_code16":"211051278"},"id":"natsem_social_indicators_dependency_rate_sa2_2016.211051278"},{"type":"Feature","properties":{"sa2_name16":"Monbulk - Silvan","pop_65_over":949,"sa2_code16":"211051279"},"id":"natsem_social_indicators_dependency_rate_sa2_2016.211051279"},{"type":"Feature","properties":{"sa2_name16":"Montrose","pop_65_over":1274,"sa2_code16":"211051280"},"id":"natsem_social_indicators_dependency_rate_sa2_2016.211051280"},{"type":"Feature","properties":{"sa2_name16":"Mooroolbark","pop_65_over":3045,"sa2_code16":"211051281"},"id":"natsem_social_indicators_dependency_rate_sa2_2016.211051281"},{"type":"Feature","properties":{"sa2_name16":"Mount Dandenong - Olinda","pop_65_over":1604,"sa2_code16":"211051282"},"id":"natsem_social_indicators_dependency_rate_sa2_2016.211051282"},{"type":"Feature","properties":{"sa2_name16":"Pakenham - North","pop_65_over":1829,"sa2_code16":"212011291"},"id":"natsem_social_indicators_dependency_rate_sa2_2016.212011291"},{"type":"Feature","properties":{"sa2_name16":"Mount Evelyn","pop_65_over":1206,"sa2_code16":"211051283"},"id":"natsem_social_indicators_dependency_rate_sa2_2016.211051283"},{"type":"Feature","properties":{"sa2_name16":"Endeavour Hills - South","pop_65_over":1795,"sa2_code16":"212021454"},"id":"natsem_social_indicators_dependency_rate_sa2_2016.212021454"},{"type":"Feature","properties":{"sa2_name16":"Lynbrook - Lyndhurst","pop_65_over":875,"sa2_code16":"212031306"},"id":"natsem_social_indicators_dependency_rate_sa2_2016.212031306"},{"type":"Feature","properties":{"sa2_name16":"Pearcedale - Tooradin","pop_65_over":1016,"sa2_code16":"212031308"},"id":"natsem_social_indicators_dependency_rate_sa2_2016.212031308"},{"type":"Feature","properties":{"sa2_name16":"Upwey - Tecoma","pop_65_over":1048,"sa2_code16":"211051284"},"id":"natsem_social_indicators_dependency_rate_sa2_2016.211051284"},{"type":"Feature","properties":{"sa2_name16":"Wandin - Seville","pop_65_over":1009,"sa2_code16":"211051285"},"id":"natsem_social_indicators_dependency_rate_sa2_2016.211051285"},{"type":"Feature","properties":{"sa2_name16":"Yarra Valley","pop_65_over":2643,"sa2_code16":"211051286"},"id":"natsem_social_indicators_dependency_rate_sa2_2016.211051286"},{"type":"Feature","properties":{"sa2_name16":"Beaconsfield - Officer","pop_65_over":1098,"sa2_code16":"212011287"},"id":"natsem_social_indicators_dependency_rate_sa2_2016.212011287"},{"type":"Feature","properties":{"sa2_name16":"Bunyip - Garfield","pop_65_over":1383,"sa2_code16":"212011288"},"id":"natsem_social_indicators_dependency_rate_sa2_2016.212011288"},{"type":"Feature","properties":{"sa2_name16":"Emerald - Cockatoo","pop_65_over":2326,"sa2_code16":"212011289"},"id":"natsem_social_indicators_dependency_rate_sa2_2016.212011289"},{"type":"Feature","properties":{"sa2_name16":"Koo Wee Rup","pop_65_over":1236,"sa2_code16":"212011290"},"id":"natsem_social_indicators_dependency_rate_sa2_2016.212011290"},{"type":"Feature","properties":{"sa2_name16":"Pakenham - South","pop_65_over":3362,"sa2_code16":"212011292"},"id":"natsem_social_indicators_dependency_rate_sa2_2016.212011292"},{"type":"Feature","properties":{"sa2_name16":"Berwick - North","pop_65_over":4311,"sa2_code16":"212021293"},"id":"natsem_social_indicators_dependency_rate_sa2_2016.212021293"},{"type":"Feature","properties":{"sa2_name16":"Berwick - South","pop_65_over":1680,"sa2_code16":"212021294"},"id":"natsem_social_indicators_dependency_rate_sa2_2016.212021294"},{"type":"Feature","properties":{"sa2_name16":"Doveton","pop_65_over":1657,"sa2_code16":"212021295"},"id":"natsem_social_indicators_dependency_rate_sa2_2016.212021295"},{"type":"Feature","properties":{"sa2_name16":"Hallam","pop_65_over":1471,"sa2_code16":"212021297"},"id":"natsem_social_indicators_dependency_rate_sa2_2016.212021297"},{"type":"Feature","properties":{"sa2_name16":"Narre Warren North","pop_65_over":1143,"sa2_code16":"212021299"},"id":"natsem_social_indicators_dependency_rate_sa2_2016.212021299"},{"type":"Feature","properties":{"sa2_name16":"Endeavour Hills - North","pop_65_over":1508,"sa2_code16":"212021453"},"id":"natsem_social_indicators_dependency_rate_sa2_2016.212021453"},{"type":"Feature","properties":{"sa2_name16":"Narre Warren - North East","pop_65_over":1230,"sa2_code16":"212021455"},"id":"natsem_social_indicators_dependency_rate_sa2_2016.212021455"},{"type":"Feature","properties":{"sa2_name16":"Narre Warren - South West","pop_65_over":1683,"sa2_code16":"212021456"},"id":"natsem_social_indicators_dependency_rate_sa2_2016.212021456"},{"type":"Feature","properties":{"sa2_name16":"Narre Warren South (East)","pop_65_over":1014,"sa2_code16":"212031457"},"id":"natsem_social_indicators_dependency_rate_sa2_2016.212031457"},{"type":"Feature","properties":{"sa2_name16":"Narre Warren South (West)","pop_65_over":1122,"sa2_code16":"212031458"},"id":"natsem_social_indicators_dependency_rate_sa2_2016.212031458"},{"type":"Feature","properties":{"sa2_name16":"Clarinda - Oakleigh South","pop_65_over":2389,"sa2_code16":"212041309"},"id":"natsem_social_indicators_dependency_rate_sa2_2016.212041309"},{"type":"Feature","properties":{"sa2_name16":"Clayton South","pop_65_over":1906,"sa2_code16":"212041310"},"id":"natsem_social_indicators_dependency_rate_sa2_2016.212041310"},{"type":"Feature","properties":{"sa2_name16":"Dandenong","pop_65_over":3935,"sa2_code16":"212041311"},"id":"natsem_social_indicators_dependency_rate_sa2_2016.212041311"},{"type":"Feature","properties":{"sa2_name16":"Dandenong North","pop_65_over":3774,"sa2_code16":"212041312"},"id":"natsem_social_indicators_dependency_rate_sa2_2016.212041312"},{"type":"Feature","properties":{"sa2_name16":"Dingley Village","pop_65_over":2084,"sa2_code16":"212041313"},"id":"natsem_social_indicators_dependency_rate_sa2_2016.212041313"},{"type":"Feature","properties":{"sa2_name16":"Noble Park - East","pop_65_over":1661,"sa2_code16":"212041459"},"id":"natsem_social_indicators_dependency_rate_sa2_2016.212041459"},{"type":"Feature","properties":{"sa2_name16":"Keysborough","pop_65_over":3337,"sa2_code16":"212041314"},"id":"natsem_social_indicators_dependency_rate_sa2_2016.212041314"},{"type":"Feature","properties":{"sa2_name16":"Noble Park North","pop_65_over":1317,"sa2_code16":"212041316"},"id":"natsem_social_indicators_dependency_rate_sa2_2016.212041316"},{"type":"Feature","properties":{"sa2_name16":"Springvale","pop_65_over":3320,"sa2_code16":"212041317"},"id":"natsem_social_indicators_dependency_rate_sa2_2016.212041317"},{"type":"Feature","properties":{"sa2_name16":"Springvale South","pop_65_over":1736,"sa2_code16":"212041318"},"id":"natsem_social_indicators_dependency_rate_sa2_2016.212041318"},{"type":"Feature","properties":{"sa2_name16":"Noble Park - West","pop_65_over":2831,"sa2_code16":"212041460"},"id":"natsem_social_indicators_dependency_rate_sa2_2016.212041460"},{"type":"Feature","properties":{"sa2_name16":"Ashwood - Chadstone","pop_65_over":2605,"sa2_code16":"212051319"},"id":"natsem_social_indicators_dependency_rate_sa2_2016.212051319"},{"type":"Feature","properties":{"sa2_name16":"Clayton","pop_65_over":2065,"sa2_code16":"212051320"},"id":"natsem_social_indicators_dependency_rate_sa2_2016.212051320"},{"type":"Feature","properties":{"sa2_name16":"Glen Waverley - East","pop_65_over":4374,"sa2_code16":"212051321"},"id":"natsem_social_indicators_dependency_rate_sa2_2016.212051321"},{"type":"Feature","properties":{"sa2_name16":"Glen Waverley - West","pop_65_over":3265,"sa2_code16":"212051322"},"id":"natsem_social_indicators_dependency_rate_sa2_2016.212051322"},{"type":"Feature","properties":{"sa2_name16":"Mount Waverley - North","pop_65_over":2950,"sa2_code16":"212051323"},"id":"natsem_social_indicators_dependency_rate_sa2_2016.212051323"},{"type":"Feature","properties":{"sa2_name16":"Mount Waverley - South","pop_65_over":3486,"sa2_code16":"212051324"},"id":"natsem_social_indicators_dependency_rate_sa2_2016.212051324"},{"type":"Feature","properties":{"sa2_name16":"Mulgrave","pop_65_over":3605,"sa2_code16":"212051325"},"id":"natsem_social_indicators_dependency_rate_sa2_2016.212051325"},{"type":"Feature","properties":{"sa2_name16":"Oakleigh - Huntingdale","pop_65_over":3163,"sa2_code16":"212051326"},"id":"natsem_social_indicators_dependency_rate_sa2_2016.212051326"},{"type":"Feature","properties":{"sa2_name16":"Wheelers Hill","pop_65_over":4862,"sa2_code16":"212051327"},"id":"natsem_social_indicators_dependency_rate_sa2_2016.212051327"},{"type":"Feature","properties":{"sa2_name16":"Ardeer - Albion","pop_65_over":1095,"sa2_code16":"213011328"},"id":"natsem_social_indicators_dependency_rate_sa2_2016.213011328"},{"type":"Feature","properties":{"sa2_name16":"Cairnlea","pop_65_over":619,"sa2_code16":"213011329"},"id":"natsem_social_indicators_dependency_rate_sa2_2016.213011329"},{"type":"Feature","properties":{"sa2_name16":"Keilor Downs","pop_65_over":2081,"sa2_code16":"213011332"},"id":"natsem_social_indicators_dependency_rate_sa2_2016.213011332"},{"type":"Feature","properties":{"sa2_name16":"Deer Park - Derrimut","pop_65_over":2471,"sa2_code16":"213011330"},"id":"natsem_social_indicators_dependency_rate_sa2_2016.213011330"},{"type":"Feature","properties":{"sa2_name16":"Delahey","pop_65_over":920,"sa2_code16":"213011331"},"id":"natsem_social_indicators_dependency_rate_sa2_2016.213011331"},{"type":"Feature","properties":{"sa2_name16":"Kings Park (Vic.)","pop_65_over":1978,"sa2_code16":"213011333"},"id":"natsem_social_indicators_dependency_rate_sa2_2016.213011333"},{"type":"Feature","properties":{"sa2_name16":"St Albans - North","pop_65_over":3210,"sa2_code16":"213011334"},"id":"natsem_social_indicators_dependency_rate_sa2_2016.213011334"},{"type":"Feature","properties":{"sa2_name16":"Altona North","pop_65_over":2874,"sa2_code16":"213021343"},"id":"natsem_social_indicators_dependency_rate_sa2_2016.213021343"},{"type":"Feature","properties":{"sa2_name16":"St Albans - South","pop_65_over":2650,"sa2_code16":"213011335"},"id":"natsem_social_indicators_dependency_rate_sa2_2016.213011335"},{"type":"Feature","properties":{"sa2_name16":"Sunshine North","pop_65_over":1768,"sa2_code16":"213011337"},"id":"natsem_social_indicators_dependency_rate_sa2_2016.213011337"},{"type":"Feature","properties":{"sa2_name16":"Sunshine","pop_65_over":1170,"sa2_code16":"213011336"},"id":"natsem_social_indicators_dependency_rate_sa2_2016.213011336"},{"type":"Feature","properties":{"sa2_name16":"Sydenham","pop_65_over":1237,"sa2_code16":"213011339"},"id":"natsem_social_indicators_dependency_rate_sa2_2016.213011339"},{"type":"Feature","properties":{"sa2_name16":"Sunshine West","pop_65_over":3161,"sa2_code16":"213011338"},"id":"natsem_social_indicators_dependency_rate_sa2_2016.213011338"},{"type":"Feature","properties":{"sa2_name16":"Taylors Lakes","pop_65_over":2084,"sa2_code16":"213011340"},"id":"natsem_social_indicators_dependency_rate_sa2_2016.213011340"},{"type":"Feature","properties":{"sa2_name16":"Altona","pop_65_over":2471,"sa2_code16":"213021341"},"id":"natsem_social_indicators_dependency_rate_sa2_2016.213021341"},{"type":"Feature","properties":{"sa2_name16":"Newport","pop_65_over":1824,"sa2_code16":"213021344"},"id":"natsem_social_indicators_dependency_rate_sa2_2016.213021344"},{"type":"Feature","properties":{"sa2_name16":"Seabrook","pop_65_over":442,"sa2_code16":"213021345"},"id":"natsem_social_indicators_dependency_rate_sa2_2016.213021345"},{"type":"Feature","properties":{"sa2_name16":"Williamstown","pop_65_over":2302,"sa2_code16":"213021346"},"id":"natsem_social_indicators_dependency_rate_sa2_2016.213021346"},{"type":"Feature","properties":{"sa2_name16":"West Footscray - Tottenham","pop_65_over":1080,"sa2_code16":"213031351"},"id":"natsem_social_indicators_dependency_rate_sa2_2016.213031351"},{"type":"Feature","properties":{"sa2_name16":"Braybrook","pop_65_over":1836,"sa2_code16":"213031347"},"id":"natsem_social_indicators_dependency_rate_sa2_2016.213031347"},{"type":"Feature","properties":{"sa2_name16":"Footscray","pop_65_over":1620,"sa2_code16":"213031348"},"id":"natsem_social_indicators_dependency_rate_sa2_2016.213031348"},{"type":"Feature","properties":{"sa2_name16":"Maribyrnong","pop_65_over":1014,"sa2_code16":"213031349"},"id":"natsem_social_indicators_dependency_rate_sa2_2016.213031349"},{"type":"Feature","properties":{"sa2_name16":"Seddon - Kingsville","pop_65_over":861,"sa2_code16":"213031350"},"id":"natsem_social_indicators_dependency_rate_sa2_2016.213031350"},{"type":"Feature","properties":{"sa2_name16":"Yarraville","pop_65_over":1580,"sa2_code16":"213031352"},"id":"natsem_social_indicators_dependency_rate_sa2_2016.213031352"},{"type":"Feature","properties":{"sa2_name16":"Bacchus Marsh","pop_65_over":3035,"sa2_code16":"213041353"},"id":"natsem_social_indicators_dependency_rate_sa2_2016.213041353"},{"type":"Feature","properties":{"sa2_name16":"Hillside","pop_65_over":1195,"sa2_code16":"213041355"},"id":"natsem_social_indicators_dependency_rate_sa2_2016.213041355"},{"type":"Feature","properties":{"sa2_name16":"Melton","pop_65_over":2521,"sa2_code16":"213041356"},"id":"natsem_social_indicators_dependency_rate_sa2_2016.213041356"},{"type":"Feature","properties":{"sa2_name16":"Melton South","pop_65_over":2542,"sa2_code16":"213041357"},"id":"natsem_social_indicators_dependency_rate_sa2_2016.213041357"},{"type":"Feature","properties":{"sa2_name16":"Melton West","pop_65_over":1442,"sa2_code16":"213041358"},"id":"natsem_social_indicators_dependency_rate_sa2_2016.213041358"},{"type":"Feature","properties":{"sa2_name16":"Rockbank - Mount Cottrell","pop_65_over":289,"sa2_code16":"213041359"},"id":"natsem_social_indicators_dependency_rate_sa2_2016.213041359"},{"type":"Feature","properties":{"sa2_name16":"Taylors Hill","pop_65_over":1097,"sa2_code16":"213041360"},"id":"natsem_social_indicators_dependency_rate_sa2_2016.213041360"},{"type":"Feature","properties":{"sa2_name16":"Burnside","pop_65_over":696,"sa2_code16":"213041461"},"id":"natsem_social_indicators_dependency_rate_sa2_2016.213041461"},{"type":"Feature","properties":{"sa2_name16":"Hoppers Crossing - South","pop_65_over":2691,"sa2_code16":"213051362"},"id":"natsem_social_indicators_dependency_rate_sa2_2016.213051362"},{"type":"Feature","properties":{"sa2_name16":"Burnside Heights","pop_65_over":220,"sa2_code16":"213041462"},"id":"natsem_social_indicators_dependency_rate_sa2_2016.213041462"},{"type":"Feature","properties":{"sa2_name16":"Caroline Springs","pop_65_over":1174,"sa2_code16":"213041463"},"id":"natsem_social_indicators_dependency_rate_sa2_2016.213041463"},{"type":"Feature","properties":{"sa2_name16":"Hoppers Crossing - North","pop_65_over":1762,"sa2_code16":"213051361"},"id":"natsem_social_indicators_dependency_rate_sa2_2016.213051361"},{"type":"Feature","properties":{"sa2_name16":"Laverton","pop_65_over":574,"sa2_code16":"213051363"},"id":"natsem_social_indicators_dependency_rate_sa2_2016.213051363"},{"type":"Feature","properties":{"sa2_name16":"Tarneit","pop_65_over":1537,"sa2_code16":"213051365"},"id":"natsem_social_indicators_dependency_rate_sa2_2016.213051365"},{"type":"Feature","properties":{"sa2_name16":"Truganina","pop_65_over":648,"sa2_code16":"213051366"},"id":"natsem_social_indicators_dependency_rate_sa2_2016.213051366"},{"type":"Feature","properties":{"sa2_name16":"Werribee - South","pop_65_over":1996,"sa2_code16":"213051368"},"id":"natsem_social_indicators_dependency_rate_sa2_2016.213051368"},{"type":"Feature","properties":{"sa2_name16":"Wyndham Vale","pop_65_over":1443,"sa2_code16":"213051369"},"id":"natsem_social_indicators_dependency_rate_sa2_2016.213051369"},{"type":"Feature","properties":{"sa2_name16":"Point Cook - East","pop_65_over":499,"sa2_code16":"213051464"},"id":"natsem_social_indicators_dependency_rate_sa2_2016.213051464"},{"type":"Feature","properties":{"sa2_name16":"Point Cook - North","pop_65_over":1385,"sa2_code16":"213051465"},"id":"natsem_social_indicators_dependency_rate_sa2_2016.213051465"},{"type":"Feature","properties":{"sa2_name16":"Werribee - East","pop_65_over":2582,"sa2_code16":"213051467"},"id":"natsem_social_indicators_dependency_rate_sa2_2016.213051467"},{"type":"Feature","properties":{"sa2_name16":"Werribee - West","pop_65_over":1277,"sa2_code16":"213051468"},"id":"natsem_social_indicators_dependency_rate_sa2_2016.213051468"},{"type":"Feature","properties":{"sa2_name16":"Carrum Downs","pop_65_over":2558,"sa2_code16":"214011370"},"id":"natsem_social_indicators_dependency_rate_sa2_2016.214011370"},{"type":"Feature","properties":{"sa2_name16":"Frankston","pop_65_over":3727,"sa2_code16":"214011371"},"id":"natsem_social_indicators_dependency_rate_sa2_2016.214011371"},{"type":"Feature","properties":{"sa2_name16":"Frankston North","pop_65_over":3679,"sa2_code16":"214011372"},"id":"natsem_social_indicators_dependency_rate_sa2_2016.214011372"},{"type":"Feature","properties":{"sa2_name16":"Frankston South","pop_65_over":3785,"sa2_code16":"214011373"},"id":"natsem_social_indicators_dependency_rate_sa2_2016.214011373"},{"type":"Feature","properties":{"sa2_name16":"Langwarrin","pop_65_over":2941,"sa2_code16":"214011374"},"id":"natsem_social_indicators_dependency_rate_sa2_2016.214011374"},{"type":"Feature","properties":{"sa2_name16":"Seaford (Vic.)","pop_65_over":2858,"sa2_code16":"214011375"},"id":"natsem_social_indicators_dependency_rate_sa2_2016.214011375"},{"type":"Feature","properties":{"sa2_name16":"Skye - Sandhurst","pop_65_over":1061,"sa2_code16":"214011376"},"id":"natsem_social_indicators_dependency_rate_sa2_2016.214011376"},{"type":"Feature","properties":{"sa2_name16":"Dromana","pop_65_over":3244,"sa2_code16":"214021377"},"id":"natsem_social_indicators_dependency_rate_sa2_2016.214021377"},{"type":"Feature","properties":{"sa2_name16":"Flinders","pop_65_over":1422,"sa2_code16":"214021378"},"id":"natsem_social_indicators_dependency_rate_sa2_2016.214021378"},{"type":"Feature","properties":{"sa2_name16":"Hastings - Somers","pop_65_over":4124,"sa2_code16":"214021379"},"id":"natsem_social_indicators_dependency_rate_sa2_2016.214021379"},{"type":"Feature","properties":{"sa2_name16":"Mornington","pop_65_over":6851,"sa2_code16":"214021380"},"id":"natsem_social_indicators_dependency_rate_sa2_2016.214021380"},{"type":"Feature","properties":{"sa2_name16":"Mount Eliza","pop_65_over":3633,"sa2_code16":"214021381"},"id":"natsem_social_indicators_dependency_rate_sa2_2016.214021381"},{"type":"Feature","properties":{"sa2_name16":"Mount Martha","pop_65_over":3782,"sa2_code16":"214021382"},"id":"natsem_social_indicators_dependency_rate_sa2_2016.214021382"},{"type":"Feature","properties":{"sa2_name16":"Point Nepean","pop_65_over":5192,"sa2_code16":"214021383"},"id":"natsem_social_indicators_dependency_rate_sa2_2016.214021383"},{"type":"Feature","properties":{"sa2_name16":"Rosebud - McCrae","pop_65_over":7025,"sa2_code16":"214021384"},"id":"natsem_social_indicators_dependency_rate_sa2_2016.214021384"},{"type":"Feature","properties":{"sa2_name16":"Somerville","pop_65_over":2857,"sa2_code16":"214021385"},"id":"natsem_social_indicators_dependency_rate_sa2_2016.214021385"}]}