{"type":"FeatureCollection","bbox":[0.0,0.0,-1.0,-1.0],"features":[{"type":"Feature","properties":{"for_rent_home_lease_averageprice":777.5472,"sa22016code":206051131,"dateyear":2020,"propertycategorisation":"House","for_sale_both_auction_private_treaty_averageprice":1241740.0,"datemonth":12,"sa22016name":"Port Melbourne Industrial"},"id":"apm_sa2_2016_timeseries.fid--6db7a557_17930ebef25_-1991"},{"type":"Feature","properties":{"for_rent_home_lease_averageprice":480.1758,"sa22016code":206041126,"dateyear":2020,"propertycategorisation":"House","for_sale_both_auction_private_treaty_averageprice":837416.7,"datemonth":12,"sa22016name":"Southbank"},"id":"apm_sa2_2016_timeseries.fid--6db7a557_17930ebef25_-1990"},{"type":"Feature","properties":{"for_rent_home_lease_averageprice":636.1022,"sa22016code":206071139,"dateyear":2020,"propertycategorisation":"House","for_sale_both_auction_private_treaty_averageprice":1166260.0,"datemonth":12,"sa22016name":"Abbotsford"},"id":"apm_sa2_2016_timeseries.fid--6db7a557_17930ebef25_-198f"},{"type":"Feature","properties":{"for_rent_home_lease_averageprice":464.1901,"sa22016code":210011226,"dateyear":2020,"propertycategorisation":"House","for_sale_both_auction_private_treaty_averageprice":787707.1,"datemonth":12,"sa22016name":"Airport West"},"id":"apm_sa2_2016_timeseries.fid--6db7a557_17930ebef25_-198e"},{"type":"Feature","properties":{"for_rent_home_lease_averageprice":879.4339,"sa22016code":206051128,"dateyear":2020,"propertycategorisation":"House","for_sale_both_auction_private_treaty_averageprice":2825482.0,"datemonth":12,"sa22016name":"Albert Park"},"id":"apm_sa2_2016_timeseries.fid--6db7a557_17930ebef25_-198d"},{"type":"Feature","properties":{"for_rent_home_lease_averageprice":600.9912,"sa22016code":206021110,"dateyear":2020,"propertycategorisation":"House","for_sale_both_auction_private_treaty_averageprice":1288970.0,"datemonth":12,"sa22016name":"Alphington - Fairfield"},"id":"apm_sa2_2016_timeseries.fid--6db7a557_17930ebef25_-198b"},{"type":"Feature","properties":{"for_rent_home_lease_averageprice":494.1108,"sa22016code":213021341,"dateyear":2020,"propertycategorisation":"House","for_sale_both_auction_private_treaty_averageprice":1039700.0,"datemonth":12,"sa22016name":"Altona"},"id":"apm_sa2_2016_timeseries.fid--6db7a557_17930ebef25_-198a"},{"type":"Feature","properties":{"for_rent_home_lease_averageprice":373.8761,"sa22016code":213021342,"dateyear":2020,"propertycategorisation":"House","for_sale_both_auction_private_treaty_averageprice":628656.3,"datemonth":12,"sa22016name":"Altona Meadows"},"id":"apm_sa2_2016_timeseries.fid--6db7a557_17930ebef25_-1989"},{"type":"Feature","properties":{"for_rent_home_lease_averageprice":472.05400000000003,"sa22016code":213021343,"dateyear":2020,"propertycategorisation":"House","for_sale_both_auction_private_treaty_averageprice":792607.6,"datemonth":12,"sa22016name":"Altona North"},"id":"apm_sa2_2016_timeseries.fid--6db7a557_17930ebef25_-1988"},{"type":"Feature","properties":{"for_rent_home_lease_averageprice":373.2732,"sa22016code":213011328,"dateyear":2020,"propertycategorisation":"House","for_sale_both_auction_private_treaty_averageprice":613665.2,"datemonth":12,"sa22016name":"Ardeer - Albion"},"id":"apm_sa2_2016_timeseries.fid--6db7a557_17930ebef25_-1987"},{"type":"Feature","properties":{"for_rent_home_lease_averageprice":825.4011,"sa22016code":206061135,"dateyear":2020,"propertycategorisation":"House","for_sale_both_auction_private_treaty_averageprice":2975781.0,"datemonth":12,"sa22016name":"Armadale"},"id":"apm_sa2_2016_timeseries.fid--6db7a557_17930ebef25_-1986"},{"type":"Feature","properties":{"for_rent_home_lease_averageprice":584.4745,"sa22016code":206031113,"dateyear":2020,"propertycategorisation":"House","for_sale_both_auction_private_treaty_averageprice":1229297.0,"datemonth":12,"sa22016name":"Ascot Vale"},"id":"apm_sa2_2016_timeseries.fid--6db7a557_17930ebef25_-1985"},{"type":"Feature","properties":{"for_rent_home_lease_averageprice":720.04,"sa22016code":207011146,"dateyear":2020,"propertycategorisation":"House","for_sale_both_auction_private_treaty_averageprice":1641075.0,"datemonth":12,"sa22016name":"Ashburton (Vic.)"},"id":"apm_sa2_2016_timeseries.fid--6db7a557_17930ebef25_-1984"},{"type":"Feature","properties":{"for_rent_home_lease_averageprice":543.5071,"sa22016code":212051319,"dateyear":2020,"propertycategorisation":"House","for_sale_both_auction_private_treaty_averageprice":1122832.0,"datemonth":12,"sa22016name":"Ashwood - Chadstone"},"id":"apm_sa2_2016_timeseries.fid--6db7a557_17930ebef25_-1983"},{"type":"Feature","properties":{"for_rent_home_lease_averageprice":604.4445,"sa22016code":208031183,"dateyear":2020,"propertycategorisation":"House","for_sale_both_auction_private_treaty_averageprice":1049817.0,"datemonth":12,"sa22016name":"Aspendale Gardens - Waterways"},"id":"apm_sa2_2016_timeseries.fid--6db7a557_17930ebef25_-1982"},{"type":"Feature","properties":{"for_rent_home_lease_averageprice":385.27,"sa22016code":213041353,"dateyear":2020,"propertycategorisation":"House","for_sale_both_auction_private_treaty_averageprice":537826.6,"datemonth":12,"sa22016name":"Bacchus Marsh"},"id":"apm_sa2_2016_timeseries.fid--6db7a557_17930ebef25_-1981"},{"type":"Feature","properties":{"for_rent_home_lease_averageprice":758.9053,"sa22016code":207011147,"dateyear":2020,"propertycategorisation":"House","for_sale_both_auction_private_treaty_averageprice":2649886.0,"datemonth":12,"sa22016name":"Balwyn"},"id":"apm_sa2_2016_timeseries.fid--6db7a557_17930ebef25_-197f"},{"type":"Feature","properties":{"for_rent_home_lease_averageprice":680.863,"sa22016code":207011148,"dateyear":2020,"propertycategorisation":"House","for_sale_both_auction_private_treaty_averageprice":2117315.0,"datemonth":12,"sa22016name":"Balwyn North"},"id":"apm_sa2_2016_timeseries.fid--6db7a557_17930ebef25_-197e"},{"type":"Feature","properties":{"for_rent_home_lease_averageprice":417.9904,"sa22016code":211011251,"dateyear":2020,"propertycategorisation":"House","for_sale_both_auction_private_treaty_averageprice":764787.9,"datemonth":12,"sa22016name":"Bayswater"},"id":"apm_sa2_2016_timeseries.fid--6db7a557_17930ebef25_-197d"},{"type":"Feature","properties":{"for_rent_home_lease_averageprice":419.7619,"sa22016code":211031263,"dateyear":2020,"propertycategorisation":"House","for_sale_both_auction_private_treaty_averageprice":735285.8,"datemonth":12,"sa22016name":"Bayswater North"},"id":"apm_sa2_2016_timeseries.fid--6db7a557_17930ebef25_-197c"},{"type":"Feature","properties":{"for_rent_home_lease_averageprice":405.63599999999997,"sa22016code":212011287,"dateyear":2020,"propertycategorisation":"House","for_sale_both_auction_private_treaty_averageprice":576602.9,"datemonth":12,"sa22016name":"Beaconsfield - Officer"},"id":"apm_sa2_2016_timeseries.fid--6db7a557_17930ebef25_-197b"},{"type":"Feature","properties":{"for_rent_home_lease_averageprice":858.1977,"sa22016code":208011168,"dateyear":2020,"propertycategorisation":"House","for_sale_both_auction_private_treaty_averageprice":1817597.0,"datemonth":12,"sa22016name":"Beaumaris"},"id":"apm_sa2_2016_timeseries.fid--6db7a557_17930ebef25_-197a"},{"type":"Feature","properties":{"for_rent_home_lease_averageprice":487.0513,"sa22016code":211051274,"dateyear":2020,"propertycategorisation":"House","for_sale_both_auction_private_treaty_averageprice":763614.1,"datemonth":12,"sa22016name":"Belgrave - Selby"},"id":"apm_sa2_2016_timeseries.fid--6db7a557_17930ebef25_-1979"},{"type":"Feature","properties":{"for_rent_home_lease_averageprice":709.6378,"sa22016code":208021174,"dateyear":2020,"propertycategorisation":"House","for_sale_both_auction_private_treaty_averageprice":1429467.0,"datemonth":12,"sa22016name":"Bentleigh - McKinnon"},"id":"apm_sa2_2016_timeseries.fid--6db7a557_17930ebef25_-1977"},{"type":"Feature","properties":{"for_rent_home_lease_averageprice":649.7147,"sa22016code":208021426,"dateyear":2020,"propertycategorisation":"House","for_sale_both_auction_private_treaty_averageprice":1196457.0,"datemonth":12,"sa22016name":"Bentleigh East (North)"},"id":"apm_sa2_2016_timeseries.fid--6db7a557_17930ebef25_-1976"},{"type":"Feature","properties":{"for_rent_home_lease_averageprice":615.0478,"sa22016code":208021427,"dateyear":2020,"propertycategorisation":"House","for_sale_both_auction_private_treaty_averageprice":1142881.0,"datemonth":12,"sa22016name":"Bentleigh East (South)"},"id":"apm_sa2_2016_timeseries.fid--6db7a557_17930ebef25_-1975"},{"type":"Feature","properties":{"for_rent_home_lease_averageprice":427.9094,"sa22016code":212021293,"dateyear":2020,"propertycategorisation":"House","for_sale_both_auction_private_treaty_averageprice":733224.0,"datemonth":12,"sa22016name":"Berwick - North"},"id":"apm_sa2_2016_timeseries.fid--6db7a557_17930ebef25_-1974"},{"type":"Feature","properties":{"for_rent_home_lease_averageprice":434.1287,"sa22016code":212021294,"dateyear":2020,"propertycategorisation":"House","for_sale_both_auction_private_treaty_averageprice":676217.1,"datemonth":12,"sa22016name":"Berwick - South"},"id":"apm_sa2_2016_timeseries.fid--6db7a557_17930ebef25_-1973"},{"type":"Feature","properties":{"for_rent_home_lease_averageprice":503.9485,"sa22016code":207031161,"dateyear":2020,"propertycategorisation":"House","for_sale_both_auction_private_treaty_averageprice":1291892.0,"datemonth":12,"sa22016name":"Blackburn"},"id":"apm_sa2_2016_timeseries.fid--6db7a557_17930ebef25_-1972"},{"type":"Feature","properties":{"for_rent_home_lease_averageprice":504.2836,"sa22016code":207031162,"dateyear":2020,"propertycategorisation":"House","for_sale_both_auction_private_treaty_averageprice":1042922.0,"datemonth":12,"sa22016name":"Blackburn South"},"id":"apm_sa2_2016_timeseries.fid--6db7a557_17930ebef25_-1971"},{"type":"Feature","properties":{"for_rent_home_lease_averageprice":415.5899,"sa22016code":211011446,"dateyear":2020,"propertycategorisation":"House","for_sale_both_auction_private_treaty_averageprice":703380.5,"datemonth":12,"sa22016name":"Boronia"},"id":"apm_sa2_2016_timeseries.fid--6db7a557_17930ebef25_-1970"},{"type":"Feature","properties":{"for_rent_home_lease_averageprice":487.335,"sa22016code":207031163,"dateyear":2020,"propertycategorisation":"House","for_sale_both_auction_private_treaty_averageprice":1267810.0,"datemonth":12,"sa22016name":"Box Hill"},"id":"apm_sa2_2016_timeseries.fid--6db7a557_17930ebef25_-196f"},{"type":"Feature","properties":{"for_rent_home_lease_averageprice":537.7898,"sa22016code":207031164,"dateyear":2020,"propertycategorisation":"House","for_sale_both_auction_private_treaty_averageprice":1254962.0,"datemonth":12,"sa22016name":"Box Hill North"},"id":"apm_sa2_2016_timeseries.fid--6db7a557_17930ebef25_-196e"},{"type":"Feature","properties":{"for_rent_home_lease_averageprice":null,"sa22016code":208031184,"dateyear":2020,"propertycategorisation":"House","for_sale_both_auction_private_treaty_averageprice":4370313.0,"datemonth":12,"sa22016name":"Braeside"},"id":"apm_sa2_2016_timeseries.fid--6db7a557_17930ebef25_-196d"},{"type":"Feature","properties":{"for_rent_home_lease_averageprice":435.24199999999996,"sa22016code":213031347,"dateyear":2020,"propertycategorisation":"House","for_sale_both_auction_private_treaty_averageprice":712351.8,"datemonth":12,"sa22016name":"Braybrook"},"id":"apm_sa2_2016_timeseries.fid--6db7a557_17930ebef25_-196c"},{"type":"Feature","properties":{"for_rent_home_lease_averageprice":1182.2830000000001,"sa22016code":208011169,"dateyear":2020,"propertycategorisation":"House","for_sale_both_auction_private_treaty_averageprice":3574351.0,"datemonth":12,"sa22016name":"Brighton (Vic.)"},"id":"apm_sa2_2016_timeseries.fid--6db7a557_17930ebef25_-196b"},{"type":"Feature","properties":{"for_rent_home_lease_averageprice":930.8701,"sa22016code":208011170,"dateyear":2020,"propertycategorisation":"House","for_sale_both_auction_private_treaty_averageprice":1994705.0,"datemonth":12,"sa22016name":"Brighton East"},"id":"apm_sa2_2016_timeseries.fid--6db7a557_17930ebef25_-196a"},{"type":"Feature","properties":{"for_rent_home_lease_averageprice":356.9703,"sa22016code":210051242,"dateyear":2020,"propertycategorisation":"House","for_sale_both_auction_private_treaty_averageprice":522302.9,"datemonth":12,"sa22016name":"Broadmeadows"},"id":"apm_sa2_2016_timeseries.fid--6db7a557_17930ebef25_-1969"},{"type":"Feature","properties":{"for_rent_home_lease_averageprice":605.5026,"sa22016code":206011105,"dateyear":2020,"propertycategorisation":"House","for_sale_both_auction_private_treaty_averageprice":1054424.0,"datemonth":12,"sa22016name":"Brunswick"},"id":"apm_sa2_2016_timeseries.fid--6db7a557_17930ebef25_-1968"},{"type":"Feature","properties":{"for_rent_home_lease_averageprice":625.2292,"sa22016code":206011106,"dateyear":2020,"propertycategorisation":"House","for_sale_both_auction_private_treaty_averageprice":1190738.0,"datemonth":12,"sa22016name":"Brunswick East"},"id":"apm_sa2_2016_timeseries.fid--6db7a557_17930ebef25_-1967"},{"type":"Feature","properties":{"for_rent_home_lease_averageprice":553.0392,"sa22016code":206011107,"dateyear":2020,"propertycategorisation":"House","for_sale_both_auction_private_treaty_averageprice":1004207.0,"datemonth":12,"sa22016name":"Brunswick West"},"id":"apm_sa2_2016_timeseries.fid--6db7a557_17930ebef25_-1966"},{"type":"Feature","properties":{"for_rent_home_lease_averageprice":540.5833,"sa22016code":207021156,"dateyear":2020,"propertycategorisation":"House","for_sale_both_auction_private_treaty_averageprice":1164536.0,"datemonth":12,"sa22016name":"Bulleen"},"id":"apm_sa2_2016_timeseries.fid--6db7a557_17930ebef25_-1965"},{"type":"Feature","properties":{"for_rent_home_lease_averageprice":436.9558,"sa22016code":209011196,"dateyear":2020,"propertycategorisation":"House","for_sale_both_auction_private_treaty_averageprice":778836.0,"datemonth":12,"sa22016name":"Bundoora - East"},"id":"apm_sa2_2016_timeseries.fid--6db7a557_17930ebef25_-1964"},{"type":"Feature","properties":{"for_rent_home_lease_averageprice":444.4481,"sa22016code":209041216,"dateyear":2020,"propertycategorisation":"House","for_sale_both_auction_private_treaty_averageprice":839282.8,"datemonth":12,"sa22016name":"Bundoora - North"},"id":"apm_sa2_2016_timeseries.fid--6db7a557_17930ebef25_-1963"},{"type":"Feature","properties":{"for_rent_home_lease_averageprice":434.4961,"sa22016code":209041217,"dateyear":2020,"propertycategorisation":"House","for_sale_both_auction_private_treaty_averageprice":714214.5,"datemonth":12,"sa22016name":"Bundoora - West"},"id":"apm_sa2_2016_timeseries.fid--6db7a557_17930ebef25_-1962"},{"type":"Feature","properties":{"for_rent_home_lease_averageprice":372.2885,"sa22016code":212011288,"dateyear":2020,"propertycategorisation":"House","for_sale_both_auction_private_treaty_averageprice":735124.9,"datemonth":12,"sa22016name":"Bunyip - Garfield"},"id":"apm_sa2_2016_timeseries.fid--6db7a557_17930ebef25_-1961"},{"type":"Feature","properties":{"for_rent_home_lease_averageprice":434.0179,"sa22016code":213041461,"dateyear":2020,"propertycategorisation":"House","for_sale_both_auction_private_treaty_averageprice":699599.9,"datemonth":12,"sa22016name":"Burnside"},"id":"apm_sa2_2016_timeseries.fid--6db7a557_17930ebef25_-1960"},{"type":"Feature","properties":{"for_rent_home_lease_averageprice":430.1515,"sa22016code":213041462,"dateyear":2020,"propertycategorisation":"House","for_sale_both_auction_private_treaty_averageprice":652395.1,"datemonth":12,"sa22016name":"Burnside Heights"},"id":"apm_sa2_2016_timeseries.fid--6db7a557_17930ebef25_-195f"},{"type":"Feature","properties":{"for_rent_home_lease_averageprice":538.0305,"sa22016code":207031165,"dateyear":2020,"propertycategorisation":"House","for_sale_both_auction_private_treaty_averageprice":1246063.0,"datemonth":12,"sa22016name":"Burwood"},"id":"apm_sa2_2016_timeseries.fid--6db7a557_17930ebef25_-195e"},{"type":"Feature","properties":{"for_rent_home_lease_averageprice":490.8047,"sa22016code":207031166,"dateyear":2020,"propertycategorisation":"House","for_sale_both_auction_private_treaty_averageprice":1089934.0,"datemonth":12,"sa22016name":"Burwood East"},"id":"apm_sa2_2016_timeseries.fid--6db7a557_17930ebef25_-195d"},{"type":"Feature","properties":{"for_rent_home_lease_averageprice":445.4762,"sa22016code":213011329,"dateyear":2020,"propertycategorisation":"House","for_sale_both_auction_private_treaty_averageprice":796098.3,"datemonth":12,"sa22016name":"Cairnlea"},"id":"apm_sa2_2016_timeseries.fid--6db7a557_17930ebef25_-195c"},{"type":"Feature","properties":{"for_rent_home_lease_averageprice":779.9778,"sa22016code":207011149,"dateyear":2020,"propertycategorisation":"House","for_sale_both_auction_private_treaty_averageprice":2208751.0,"datemonth":12,"sa22016name":"Camberwell"},"id":"apm_sa2_2016_timeseries.fid--6db7a557_17930ebef25_-195b"},{"type":"Feature","properties":{"for_rent_home_lease_averageprice":367.1058,"sa22016code":210051243,"dateyear":2020,"propertycategorisation":"House","for_sale_both_auction_private_treaty_averageprice":496950.6,"datemonth":12,"sa22016name":"Campbellfield - Coolaroo"},"id":"apm_sa2_2016_timeseries.fid--6db7a557_17930ebef25_-195a"},{"type":"Feature","properties":{"for_rent_home_lease_averageprice":676.0179,"sa22016code":206041117,"dateyear":2020,"propertycategorisation":"House","for_sale_both_auction_private_treaty_averageprice":1210214.0,"datemonth":12,"sa22016name":"Carlton"},"id":"apm_sa2_2016_timeseries.fid--6db7a557_17930ebef25_-1959"},{"type":"Feature","properties":{"for_rent_home_lease_averageprice":697.2648,"sa22016code":206071140,"dateyear":2020,"propertycategorisation":"House","for_sale_both_auction_private_treaty_averageprice":1893013.0,"datemonth":12,"sa22016name":"Carlton North - Princes Hill"},"id":"apm_sa2_2016_timeseries.fid--6db7a557_17930ebef25_-1958"},{"type":"Feature","properties":{"for_rent_home_lease_averageprice":599.0928,"sa22016code":208021176,"dateyear":2020,"propertycategorisation":"House","for_sale_both_auction_private_treaty_averageprice":1231613.0,"datemonth":12,"sa22016name":"Carnegie"},"id":"apm_sa2_2016_timeseries.fid--6db7a557_17930ebef25_-1957"},{"type":"Feature","properties":{"for_rent_home_lease_averageprice":437.3932,"sa22016code":213041463,"dateyear":2020,"propertycategorisation":"House","for_sale_both_auction_private_treaty_averageprice":677468.3,"datemonth":12,"sa22016name":"Caroline Springs"},"id":"apm_sa2_2016_timeseries.fid--6db7a557_17930ebef25_-1956"},{"type":"Feature","properties":{"for_rent_home_lease_averageprice":530.9808,"sa22016code":208031185,"dateyear":2020,"propertycategorisation":"House","for_sale_both_auction_private_treaty_averageprice":1098098.0,"datemonth":12,"sa22016name":"Carrum - Patterson Lakes"},"id":"apm_sa2_2016_timeseries.fid--6db7a557_17930ebef25_-1955"},{"type":"Feature","properties":{"for_rent_home_lease_averageprice":399.5824,"sa22016code":214011370,"dateyear":2020,"propertycategorisation":"House","for_sale_both_auction_private_treaty_averageprice":543605.8,"datemonth":12,"sa22016name":"Carrum Downs"},"id":"apm_sa2_2016_timeseries.fid--6db7a557_17930ebef25_-1954"},{"type":"Feature","properties":{"for_rent_home_lease_averageprice":743.9491,"sa22016code":208021177,"dateyear":2020,"propertycategorisation":"House","for_sale_both_auction_private_treaty_averageprice":2079822.0,"datemonth":12,"sa22016name":"Caulfield - North"},"id":"apm_sa2_2016_timeseries.fid--6db7a557_17930ebef25_-1952"},{"type":"Feature","properties":{"for_rent_home_lease_averageprice":722.2015,"sa22016code":208021178,"dateyear":2020,"propertycategorisation":"House","for_sale_both_auction_private_treaty_averageprice":1608023.0,"datemonth":12,"sa22016name":"Caulfield - South"},"id":"apm_sa2_2016_timeseries.fid--6db7a557_17930ebef25_-1951"},{"type":"Feature","properties":{"for_rent_home_lease_averageprice":524.2509,"sa22016code":208031186,"dateyear":2020,"propertycategorisation":"House","for_sale_both_auction_private_treaty_averageprice":870841.3,"datemonth":12,"sa22016name":"Chelsea - Bonbeach"},"id":"apm_sa2_2016_timeseries.fid--6db7a557_17930ebef25_-1950"},{"type":"Feature","properties":{"for_rent_home_lease_averageprice":477.7027,"sa22016code":208031187,"dateyear":2020,"propertycategorisation":"House","for_sale_both_auction_private_treaty_averageprice":765377.1,"datemonth":12,"sa22016name":"Chelsea Heights"},"id":"apm_sa2_2016_timeseries.fid--6db7a557_17930ebef25_-194f"},{"type":"Feature","properties":{"for_rent_home_lease_averageprice":555.399,"sa22016code":208031188,"dateyear":2020,"propertycategorisation":"House","for_sale_both_auction_private_treaty_averageprice":972666.5,"datemonth":12,"sa22016name":"Cheltenham - Highett (East)"},"id":"apm_sa2_2016_timeseries.fid--6db7a557_17930ebef25_-194e"},{"type":"Feature","properties":{"for_rent_home_lease_averageprice":632.7028,"sa22016code":208011171,"dateyear":2020,"propertycategorisation":"House","for_sale_both_auction_private_treaty_averageprice":1176518.0,"datemonth":12,"sa22016name":"Cheltenham - Highett (West)"},"id":"apm_sa2_2016_timeseries.fid--6db7a557_17930ebef25_-194d"},{"type":"Feature","properties":{"for_rent_home_lease_averageprice":473.2558,"sa22016code":211051275,"dateyear":2020,"propertycategorisation":"House","for_sale_both_auction_private_treaty_averageprice":792611.8,"datemonth":12,"sa22016name":"Chirnside Park"},"id":"apm_sa2_2016_timeseries.fid--6db7a557_17930ebef25_-194c"},{"type":"Feature","properties":{"for_rent_home_lease_averageprice":487.6069,"sa22016code":212041309,"dateyear":2020,"propertycategorisation":"House","for_sale_both_auction_private_treaty_averageprice":918183.3,"datemonth":12,"sa22016name":"Clarinda - Oakleigh South"},"id":"apm_sa2_2016_timeseries.fid--6db7a557_17930ebef25_-194b"},{"type":"Feature","properties":{"for_rent_home_lease_averageprice":492.7381,"sa22016code":212051320,"dateyear":2020,"propertycategorisation":"House","for_sale_both_auction_private_treaty_averageprice":1162515.0,"datemonth":12,"sa22016name":"Clayton"},"id":"apm_sa2_2016_timeseries.fid--6db7a557_17930ebef25_-194a"},{"type":"Feature","properties":{"for_rent_home_lease_averageprice":477.80800000000005,"sa22016code":212041310,"dateyear":2020,"propertycategorisation":"House","for_sale_both_auction_private_treaty_averageprice":810520.6,"datemonth":12,"sa22016name":"Clayton South"},"id":"apm_sa2_2016_timeseries.fid--6db7a557_17930ebef25_-1949"},{"type":"Feature","properties":{"for_rent_home_lease_averageprice":549.0161,"sa22016code":206011108,"dateyear":2020,"propertycategorisation":"House","for_sale_both_auction_private_treaty_averageprice":948681.3,"datemonth":12,"sa22016name":"Coburg"},"id":"apm_sa2_2016_timeseries.fid--6db7a557_17930ebef25_-1947"},{"type":"Feature","properties":{"for_rent_home_lease_averageprice":482.5362,"sa22016code":210031236,"dateyear":2020,"propertycategorisation":"House","for_sale_both_auction_private_treaty_averageprice":817365.9,"datemonth":12,"sa22016name":"Coburg North"},"id":"apm_sa2_2016_timeseries.fid--6db7a557_17930ebef25_-1946"},{"type":"Feature","properties":{"for_rent_home_lease_averageprice":643.6855,"sa22016code":206071141,"dateyear":2020,"propertycategorisation":"House","for_sale_both_auction_private_treaty_averageprice":1092478.0,"datemonth":12,"sa22016name":"Collingwood"},"id":"apm_sa2_2016_timeseries.fid--6db7a557_17930ebef25_-1945"},{"type":"Feature","properties":{"for_rent_home_lease_averageprice":371.9667,"sa22016code":210051441,"dateyear":2020,"propertycategorisation":"House","for_sale_both_auction_private_treaty_averageprice":509386.7,"datemonth":12,"sa22016name":"Craigieburn - Central"},"id":"apm_sa2_2016_timeseries.fid--6db7a557_17930ebef25_-1943"},{"type":"Feature","properties":{"for_rent_home_lease_averageprice":392.5855,"sa22016code":210051442,"dateyear":2020,"propertycategorisation":"House","for_sale_both_auction_private_treaty_averageprice":547930.1,"datemonth":12,"sa22016name":"Craigieburn - North"},"id":"apm_sa2_2016_timeseries.fid--6db7a557_17930ebef25_-1942"},{"type":"Feature","properties":{"for_rent_home_lease_averageprice":406.7763,"sa22016code":210051443,"dateyear":2020,"propertycategorisation":"House","for_sale_both_auction_private_treaty_averageprice":539661.4,"datemonth":12,"sa22016name":"Craigieburn - South"},"id":"apm_sa2_2016_timeseries.fid--6db7a557_17930ebef25_-1941"},{"type":"Feature","properties":{"for_rent_home_lease_averageprice":394.9313,"sa22016code":210051444,"dateyear":2020,"propertycategorisation":"House","for_sale_both_auction_private_treaty_averageprice":537404.2,"datemonth":12,"sa22016name":"Craigieburn - West"},"id":"apm_sa2_2016_timeseries.fid--6db7a557_17930ebef25_-1940"},{"type":"Feature","properties":{"for_rent_home_lease_averageprice":364.4142,"sa22016code":212031300,"dateyear":2020,"propertycategorisation":"House","for_sale_both_auction_private_treaty_averageprice":543875.1,"datemonth":12,"sa22016name":"Cranbourne"},"id":"apm_sa2_2016_timeseries.fid--6db7a557_17930ebef25_-193f"},{"type":"Feature","properties":{"for_rent_home_lease_averageprice":409.5306,"sa22016code":212031301,"dateyear":2020,"propertycategorisation":"House","for_sale_both_auction_private_treaty_averageprice":548336.1,"datemonth":12,"sa22016name":"Cranbourne East"},"id":"apm_sa2_2016_timeseries.fid--6db7a557_17930ebef25_-193e"},{"type":"Feature","properties":{"for_rent_home_lease_averageprice":397.7242,"sa22016code":212031302,"dateyear":2020,"propertycategorisation":"House","for_sale_both_auction_private_treaty_averageprice":578087.1,"datemonth":12,"sa22016name":"Cranbourne North"},"id":"apm_sa2_2016_timeseries.fid--6db7a557_17930ebef25_-193d"},{"type":"Feature","properties":{"for_rent_home_lease_averageprice":432.9921,"sa22016code":212031303,"dateyear":2020,"propertycategorisation":"House","for_sale_both_auction_private_treaty_averageprice":568496.2,"datemonth":12,"sa22016name":"Cranbourne South"},"id":"apm_sa2_2016_timeseries.fid--6db7a557_17930ebef25_-193c"},{"type":"Feature","properties":{"for_rent_home_lease_averageprice":399.1259,"sa22016code":212031304,"dateyear":2020,"propertycategorisation":"House","for_sale_both_auction_private_treaty_averageprice":532013.9,"datemonth":12,"sa22016name":"Cranbourne West"},"id":"apm_sa2_2016_timeseries.fid--6db7a557_17930ebef25_-193b"},{"type":"Feature","properties":{"for_rent_home_lease_averageprice":441.8387,"sa22016code":211031450,"dateyear":2020,"propertycategorisation":"House","for_sale_both_auction_private_treaty_averageprice":727337.3,"datemonth":12,"sa22016name":"Croydon - East"},"id":"apm_sa2_2016_timeseries.fid--6db7a557_17930ebef25_-193a"},{"type":"Feature","properties":{"for_rent_home_lease_averageprice":479.8518,"sa22016code":211031451,"dateyear":2020,"propertycategorisation":"House","for_sale_both_auction_private_treaty_averageprice":815645.6,"datemonth":12,"sa22016name":"Croydon - West"},"id":"apm_sa2_2016_timeseries.fid--6db7a557_17930ebef25_-1939"},{"type":"Feature","properties":{"for_rent_home_lease_averageprice":495.0,"sa22016code":211031265,"dateyear":2020,"propertycategorisation":"House","for_sale_both_auction_private_treaty_averageprice":883894.7,"datemonth":12,"sa22016name":"Croydon Hills - Warranwood"},"id":"apm_sa2_2016_timeseries.fid--6db7a557_17930ebef25_-1938"},{"type":"Feature","properties":{"for_rent_home_lease_averageprice":456.7,"sa22016code":211031452,"dateyear":2020,"propertycategorisation":"House","for_sale_both_auction_private_treaty_averageprice":711141.1,"datemonth":12,"sa22016name":"Croydon South"},"id":"apm_sa2_2016_timeseries.fid--6db7a557_17930ebef25_-1937"},{"type":"Feature","properties":{"for_rent_home_lease_averageprice":385.7357,"sa22016code":212041311,"dateyear":2020,"propertycategorisation":"House","for_sale_both_auction_private_treaty_averageprice":583150.7,"datemonth":12,"sa22016name":"Dandenong"},"id":"apm_sa2_2016_timeseries.fid--6db7a557_17930ebef25_-1936"},{"type":"Feature","properties":{"for_rent_home_lease_averageprice":384.48,"sa22016code":212041312,"dateyear":2020,"propertycategorisation":"House","for_sale_both_auction_private_treaty_averageprice":636814.8,"datemonth":12,"sa22016name":"Dandenong North"},"id":"apm_sa2_2016_timeseries.fid--6db7a557_17930ebef25_-1935"},{"type":"Feature","properties":{"for_rent_home_lease_averageprice":387.046,"sa22016code":213011330,"dateyear":2020,"propertycategorisation":"House","for_sale_both_auction_private_treaty_averageprice":606215.3,"datemonth":12,"sa22016name":"Deer Park - Derrimut"},"id":"apm_sa2_2016_timeseries.fid--6db7a557_17930ebef25_-1933"},{"type":"Feature","properties":{"for_rent_home_lease_averageprice":376.8354,"sa22016code":213011331,"dateyear":2020,"propertycategorisation":"House","for_sale_both_auction_private_treaty_averageprice":536372.2,"datemonth":12,"sa22016name":"Delahey"},"id":"apm_sa2_2016_timeseries.fid--6db7a557_17930ebef25_-1932"},{"type":"Feature","properties":{"for_rent_home_lease_averageprice":501.746,"sa22016code":212041313,"dateyear":2020,"propertycategorisation":"House","for_sale_both_auction_private_treaty_averageprice":877862.3,"datemonth":12,"sa22016name":"Dingley Village"},"id":"apm_sa2_2016_timeseries.fid--6db7a557_17930ebef25_-1931"},{"type":"Feature","properties":{"for_rent_home_lease_averageprice":691.3014,"sa22016code":206041118,"dateyear":2020,"propertycategorisation":"House","for_sale_both_auction_private_treaty_averageprice":1697591.0,"datemonth":12,"sa22016name":"Docklands"},"id":"apm_sa2_2016_timeseries.fid--6db7a557_17930ebef25_-1930"},{"type":"Feature","properties":{"for_rent_home_lease_averageprice":578.387,"sa22016code":207021157,"dateyear":2020,"propertycategorisation":"House","for_sale_both_auction_private_treaty_averageprice":1249415.0,"datemonth":12,"sa22016name":"Doncaster"},"id":"apm_sa2_2016_timeseries.fid--6db7a557_17930ebef25_-192f"},{"type":"Feature","properties":{"for_rent_home_lease_averageprice":589.7662,"sa22016code":207021424,"dateyear":2020,"propertycategorisation":"House","for_sale_both_auction_private_treaty_averageprice":1199935.0,"datemonth":12,"sa22016name":"Doncaster East (North)"},"id":"apm_sa2_2016_timeseries.fid--6db7a557_17930ebef25_-192e"},{"type":"Feature","properties":{"for_rent_home_lease_averageprice":547.375,"sa22016code":207021425,"dateyear":2020,"propertycategorisation":"House","for_sale_both_auction_private_treaty_averageprice":1228894.0,"datemonth":12,"sa22016name":"Doncaster East (South)"},"id":"apm_sa2_2016_timeseries.fid--6db7a557_17930ebef25_-192d"},{"type":"Feature","properties":{"for_rent_home_lease_averageprice":576.2587,"sa22016code":211021261,"dateyear":2020,"propertycategorisation":"House","for_sale_both_auction_private_treaty_averageprice":1518860.0,"datemonth":12,"sa22016name":"Donvale - Park Orchards"},"id":"apm_sa2_2016_timeseries.fid--6db7a557_17930ebef25_-192c"},{"type":"Feature","properties":{"for_rent_home_lease_averageprice":408.3728,"sa22016code":209041430,"dateyear":2020,"propertycategorisation":"House","for_sale_both_auction_private_treaty_averageprice":627366.8,"datemonth":12,"sa22016name":"Doreen"},"id":"apm_sa2_2016_timeseries.fid--6db7a557_17930ebef25_-192b"},{"type":"Feature","properties":{"for_rent_home_lease_averageprice":342.2591,"sa22016code":212021295,"dateyear":2020,"propertycategorisation":"House","for_sale_both_auction_private_treaty_averageprice":509640.6,"datemonth":12,"sa22016name":"Doveton"},"id":"apm_sa2_2016_timeseries.fid--6db7a557_17930ebef25_-192a"},{"type":"Feature","properties":{"for_rent_home_lease_averageprice":488.4428,"sa22016code":214021377,"dateyear":2020,"propertycategorisation":"House","for_sale_both_auction_private_treaty_averageprice":972168.6,"datemonth":12,"sa22016name":"Dromana"},"id":"apm_sa2_2016_timeseries.fid--6db7a557_17930ebef25_-1929"},{"type":"Feature","properties":{"for_rent_home_lease_averageprice":936.3823,"sa22016code":206041119,"dateyear":2020,"propertycategorisation":"House","for_sale_both_auction_private_treaty_averageprice":2794270.0,"datemonth":12,"sa22016name":"East Melbourne"},"id":"apm_sa2_2016_timeseries.fid--6db7a557_17930ebef25_-1927"},{"type":"Feature","properties":{"for_rent_home_lease_averageprice":550.3701,"sa22016code":208031189,"dateyear":2020,"propertycategorisation":"House","for_sale_both_auction_private_treaty_averageprice":1069474.0,"datemonth":12,"sa22016name":"Edithvale - Aspendale"},"id":"apm_sa2_2016_timeseries.fid--6db7a557_17930ebef25_-1926"},{"type":"Feature","properties":{"for_rent_home_lease_averageprice":784.1379,"sa22016code":208021179,"dateyear":2020,"propertycategorisation":"House","for_sale_both_auction_private_treaty_averageprice":2115432.0,"datemonth":12,"sa22016name":"Elsternwick"},"id":"apm_sa2_2016_timeseries.fid--6db7a557_17930ebef25_-1925"},{"type":"Feature","properties":{"for_rent_home_lease_averageprice":534.15,"sa22016code":209031209,"dateyear":2020,"propertycategorisation":"House","for_sale_both_auction_private_treaty_averageprice":1030743.0,"datemonth":12,"sa22016name":"Eltham"},"id":"apm_sa2_2016_timeseries.fid--6db7a557_17930ebef25_-1924"},{"type":"Feature","properties":{"for_rent_home_lease_averageprice":752.8238,"sa22016code":206051129,"dateyear":2020,"propertycategorisation":"House","for_sale_both_auction_private_treaty_averageprice":2350818.0,"datemonth":12,"sa22016name":"Elwood"},"id":"apm_sa2_2016_timeseries.fid--6db7a557_17930ebef25_-1923"},{"type":"Feature","properties":{"for_rent_home_lease_averageprice":445.3773,"sa22016code":212011289,"dateyear":2020,"propertycategorisation":"House","for_sale_both_auction_private_treaty_averageprice":803805.9,"datemonth":12,"sa22016name":"Emerald - Cockatoo"},"id":"apm_sa2_2016_timeseries.fid--6db7a557_17930ebef25_-1922"},{"type":"Feature","properties":{"for_rent_home_lease_averageprice":412.8244,"sa22016code":212021453,"dateyear":2020,"propertycategorisation":"House","for_sale_both_auction_private_treaty_averageprice":674999.8,"datemonth":12,"sa22016name":"Endeavour Hills - North"},"id":"apm_sa2_2016_timeseries.fid--6db7a557_17930ebef25_-1921"},{"type":"Feature","properties":{"for_rent_home_lease_averageprice":413.8889,"sa22016code":212021454,"dateyear":2020,"propertycategorisation":"House","for_sale_both_auction_private_treaty_averageprice":689250.0,"datemonth":12,"sa22016name":"Endeavour Hills - South"},"id":"apm_sa2_2016_timeseries.fid--6db7a557_17930ebef25_-1920"},{"type":"Feature","properties":{"for_rent_home_lease_averageprice":385.0439,"sa22016code":209041431,"dateyear":2020,"propertycategorisation":"House","for_sale_both_auction_private_treaty_averageprice":574511.5,"datemonth":12,"sa22016name":"Epping - East"},"id":"apm_sa2_2016_timeseries.fid--6db7a557_17930ebef25_-191f"},{"type":"Feature","properties":{"for_rent_home_lease_averageprice":384.526,"sa22016code":209041432,"dateyear":2020,"propertycategorisation":"House","for_sale_both_auction_private_treaty_averageprice":595075.9,"datemonth":12,"sa22016name":"Epping - South"},"id":"apm_sa2_2016_timeseries.fid--6db7a557_17930ebef25_-191e"},{"type":"Feature","properties":{"for_rent_home_lease_averageprice":397.9342,"sa22016code":209041433,"dateyear":2020,"propertycategorisation":"House","for_sale_both_auction_private_treaty_averageprice":587100.5,"datemonth":12,"sa22016name":"Epping - West"},"id":"apm_sa2_2016_timeseries.fid--6db7a557_17930ebef25_-191d"},{"type":"Feature","properties":{"for_rent_home_lease_averageprice":557.7946,"sa22016code":206031114,"dateyear":2020,"propertycategorisation":"House","for_sale_both_auction_private_treaty_averageprice":1419327.0,"datemonth":12,"sa22016name":"Essendon - Aberfeldie"},"id":"apm_sa2_2016_timeseries.fid--6db7a557_17930ebef25_-191c"},{"type":"Feature","properties":{"for_rent_home_lease_averageprice":414.95,"sa22016code":210031237,"dateyear":2020,"propertycategorisation":"House","for_sale_both_auction_private_treaty_averageprice":702160.4,"datemonth":12,"sa22016name":"Fawkner"},"id":"apm_sa2_2016_timeseries.fid--6db7a557_17930ebef25_-191b"},{"type":"Feature","properties":{"for_rent_home_lease_averageprice":439.07300000000004,"sa22016code":211011447,"dateyear":2020,"propertycategorisation":"House","for_sale_both_auction_private_treaty_averageprice":681398.6,"datemonth":12,"sa22016name":"Ferntree Gully (North)"},"id":"apm_sa2_2016_timeseries.fid--6db7a557_17930ebef25_-191a"},{"type":"Feature","properties":{"for_rent_home_lease_averageprice":438.3046,"sa22016code":211011448,"dateyear":2020,"propertycategorisation":"House","for_sale_both_auction_private_treaty_averageprice":723271.2,"datemonth":12,"sa22016name":"Ferntree Gully (South) - Upper Ferntree Gully"},"id":"apm_sa2_2016_timeseries.fid--6db7a557_17930ebef25_-1919"},{"type":"Feature","properties":{"for_rent_home_lease_averageprice":751.9527,"sa22016code":206071142,"dateyear":2020,"propertycategorisation":"House","for_sale_both_auction_private_treaty_averageprice":1684310.0,"datemonth":12,"sa22016name":"Fitzroy"},"id":"apm_sa2_2016_timeseries.fid--6db7a557_17930ebef25_-1918"},{"type":"Feature","properties":{"for_rent_home_lease_averageprice":685.8439,"sa22016code":206071143,"dateyear":2020,"propertycategorisation":"House","for_sale_both_auction_private_treaty_averageprice":1389579.0,"datemonth":12,"sa22016name":"Fitzroy North"},"id":"apm_sa2_2016_timeseries.fid--6db7a557_17930ebef25_-1917"},{"type":"Feature","properties":{"for_rent_home_lease_averageprice":548.4058,"sa22016code":206031115,"dateyear":2020,"propertycategorisation":"House","for_sale_both_auction_private_treaty_averageprice":1329930.0,"datemonth":12,"sa22016name":"Flemington"},"id":"apm_sa2_2016_timeseries.fid--6db7a557_17930ebef25_-1916"},{"type":"Feature","properties":{"for_rent_home_lease_averageprice":null,"sa22016code":206041120,"dateyear":2020,"propertycategorisation":"House","for_sale_both_auction_private_treaty_averageprice":null,"datemonth":12,"sa22016name":"Flemington Racecourse"},"id":"apm_sa2_2016_timeseries.fid--6db7a557_17930ebef25_-1915"},{"type":"Feature","properties":{"for_rent_home_lease_averageprice":795.0667,"sa22016code":214021378,"dateyear":2020,"propertycategorisation":"House","for_sale_both_auction_private_treaty_averageprice":2982739.0,"datemonth":12,"sa22016name":"Flinders"},"id":"apm_sa2_2016_timeseries.fid--6db7a557_17930ebef25_-1914"},{"type":"Feature","properties":{"for_rent_home_lease_averageprice":467.6347,"sa22016code":213031348,"dateyear":2020,"propertycategorisation":"House","for_sale_both_auction_private_treaty_averageprice":855233.8,"datemonth":12,"sa22016name":"Footscray"},"id":"apm_sa2_2016_timeseries.fid--6db7a557_17930ebef25_-1913"},{"type":"Feature","properties":{"for_rent_home_lease_averageprice":494.5568,"sa22016code":211041269,"dateyear":2020,"propertycategorisation":"House","for_sale_both_auction_private_treaty_averageprice":968272.4,"datemonth":12,"sa22016name":"Forest Hill"},"id":"apm_sa2_2016_timeseries.fid--6db7a557_17930ebef25_-1912"},{"type":"Feature","properties":{"for_rent_home_lease_averageprice":415.6728,"sa22016code":214011371,"dateyear":2020,"propertycategorisation":"House","for_sale_both_auction_private_treaty_averageprice":647709.5,"datemonth":12,"sa22016name":"Frankston"},"id":"apm_sa2_2016_timeseries.fid--6db7a557_17930ebef25_-1910"},{"type":"Feature","properties":{"for_rent_home_lease_averageprice":369.2645,"sa22016code":214011372,"dateyear":2020,"propertycategorisation":"House","for_sale_both_auction_private_treaty_averageprice":506404.0,"datemonth":12,"sa22016name":"Frankston North"},"id":"apm_sa2_2016_timeseries.fid--6db7a557_17930ebef25_-190f"},{"type":"Feature","properties":{"for_rent_home_lease_averageprice":519.9594,"sa22016code":214011373,"dateyear":2020,"propertycategorisation":"House","for_sale_both_auction_private_treaty_averageprice":1000764.0,"datemonth":12,"sa22016name":"Frankston South"},"id":"apm_sa2_2016_timeseries.fid--6db7a557_17930ebef25_-190e"},{"type":"Feature","properties":{"for_rent_home_lease_averageprice":509.7469,"sa22016code":210021232,"dateyear":2020,"propertycategorisation":"House","for_sale_both_auction_private_treaty_averageprice":849504.3,"datemonth":12,"sa22016name":"Gisborne"},"id":"apm_sa2_2016_timeseries.fid--6db7a557_17930ebef25_-190a"},{"type":"Feature","properties":{"for_rent_home_lease_averageprice":410.3924,"sa22016code":210051245,"dateyear":2020,"propertycategorisation":"House","for_sale_both_auction_private_treaty_averageprice":639649.6,"datemonth":12,"sa22016name":"Gladstone Park - Westmeadows"},"id":"apm_sa2_2016_timeseries.fid--6db7a557_17930ebef25_-1909"},{"type":"Feature","properties":{"for_rent_home_lease_averageprice":765.3853,"sa22016code":207011150,"dateyear":2020,"propertycategorisation":"House","for_sale_both_auction_private_treaty_averageprice":1949933.0,"datemonth":12,"sa22016name":"Glen Iris - East"},"id":"apm_sa2_2016_timeseries.fid--6db7a557_17930ebef25_-1908"},{"type":"Feature","properties":{"for_rent_home_lease_averageprice":556.3005,"sa22016code":212051321,"dateyear":2020,"propertycategorisation":"House","for_sale_both_auction_private_treaty_averageprice":1482120.0,"datemonth":12,"sa22016name":"Glen Waverley - East"},"id":"apm_sa2_2016_timeseries.fid--6db7a557_17930ebef25_-1907"},{"type":"Feature","properties":{"for_rent_home_lease_averageprice":562.4673,"sa22016code":212051322,"dateyear":2020,"propertycategorisation":"House","for_sale_both_auction_private_treaty_averageprice":1628057.0,"datemonth":12,"sa22016name":"Glen Waverley - West"},"id":"apm_sa2_2016_timeseries.fid--6db7a557_17930ebef25_-1906"},{"type":"Feature","properties":{"for_rent_home_lease_averageprice":412.0704,"sa22016code":210031438,"dateyear":2020,"propertycategorisation":"House","for_sale_both_auction_private_treaty_averageprice":623171.0,"datemonth":12,"sa22016name":"Glenroy"},"id":"apm_sa2_2016_timeseries.fid--6db7a557_17930ebef25_-1905"},{"type":"Feature","properties":{"for_rent_home_lease_averageprice":475.2632,"sa22016code":210031439,"dateyear":2020,"propertycategorisation":"House","for_sale_both_auction_private_treaty_averageprice":765829.2,"datemonth":12,"sa22016name":"Gowanbrae"},"id":"apm_sa2_2016_timeseries.fid--6db7a557_17930ebef25_-1904"},{"type":"Feature","properties":{"for_rent_home_lease_averageprice":491.1096,"sa22016code":209011197,"dateyear":2020,"propertycategorisation":"House","for_sale_both_auction_private_treaty_averageprice":899351.9,"datemonth":12,"sa22016name":"Greensborough"},"id":"apm_sa2_2016_timeseries.fid--6db7a557_17930ebef25_-1903"},{"type":"Feature","properties":{"for_rent_home_lease_averageprice":464.8916,"sa22016code":210051246,"dateyear":2020,"propertycategorisation":"House","for_sale_both_auction_private_treaty_averageprice":665071.3,"datemonth":12,"sa22016name":"Greenvale - Bulla"},"id":"apm_sa2_2016_timeseries.fid--6db7a557_17930ebef25_-1902"},{"type":"Feature","properties":{"for_rent_home_lease_averageprice":418.5503,"sa22016code":210031440,"dateyear":2020,"propertycategorisation":"House","for_sale_both_auction_private_treaty_averageprice":654971.4,"datemonth":12,"sa22016name":"Hadfield"},"id":"apm_sa2_2016_timeseries.fid--6db7a557_17930ebef25_-1900"},{"type":"Feature","properties":{"for_rent_home_lease_averageprice":392.6099,"sa22016code":212021297,"dateyear":2020,"propertycategorisation":"House","for_sale_both_auction_private_treaty_averageprice":582850.9,"datemonth":12,"sa22016name":"Hallam"},"id":"apm_sa2_2016_timeseries.fid--6db7a557_17930ebef25_-18ff"},{"type":"Feature","properties":{"for_rent_home_lease_averageprice":825.7521,"sa22016code":208011172,"dateyear":2020,"propertycategorisation":"House","for_sale_both_auction_private_treaty_averageprice":1741191.0,"datemonth":12,"sa22016name":"Hampton"},"id":"apm_sa2_2016_timeseries.fid--6db7a557_17930ebef25_-18fe"},{"type":"Feature","properties":{"for_rent_home_lease_averageprice":371.4269,"sa22016code":212031305,"dateyear":2020,"propertycategorisation":"House","for_sale_both_auction_private_treaty_averageprice":533909.5,"datemonth":12,"sa22016name":"Hampton Park - Lynbrook"},"id":"apm_sa2_2016_timeseries.fid--6db7a557_17930ebef25_-18fd"},{"type":"Feature","properties":{"for_rent_home_lease_averageprice":451.4496,"sa22016code":214021379,"dateyear":2020,"propertycategorisation":"House","for_sale_both_auction_private_treaty_averageprice":774300.1,"datemonth":12,"sa22016name":"Hastings - Somers"},"id":"apm_sa2_2016_timeseries.fid--6db7a557_17930ebef25_-18fc"},{"type":"Feature","properties":{"for_rent_home_lease_averageprice":748.0693,"sa22016code":207011151,"dateyear":2020,"propertycategorisation":"House","for_sale_both_auction_private_treaty_averageprice":3246702.0,"datemonth":12,"sa22016name":"Hawthorn"},"id":"apm_sa2_2016_timeseries.fid--6db7a557_17930ebef25_-18fb"},{"type":"Feature","properties":{"for_rent_home_lease_averageprice":709.5095,"sa22016code":207011152,"dateyear":2020,"propertycategorisation":"House","for_sale_both_auction_private_treaty_averageprice":2159990.0,"datemonth":12,"sa22016name":"Hawthorn East"},"id":"apm_sa2_2016_timeseries.fid--6db7a557_17930ebef25_-18fa"},{"type":"Feature","properties":{"for_rent_home_lease_averageprice":415.2766,"sa22016code":211051276,"dateyear":2020,"propertycategorisation":"House","for_sale_both_auction_private_treaty_averageprice":739444.9,"datemonth":12,"sa22016name":"Healesville - Yarra Glen"},"id":"apm_sa2_2016_timeseries.fid--6db7a557_17930ebef25_-18f9"},{"type":"Feature","properties":{"for_rent_home_lease_averageprice":501.3471,"sa22016code":209011198,"dateyear":2020,"propertycategorisation":"House","for_sale_both_auction_private_treaty_averageprice":1020026.0,"datemonth":12,"sa22016name":"Heidelberg - Rosanna"},"id":"apm_sa2_2016_timeseries.fid--6db7a557_17930ebef25_-18f8"},{"type":"Feature","properties":{"for_rent_home_lease_averageprice":449.814,"sa22016code":209011199,"dateyear":2020,"propertycategorisation":"House","for_sale_both_auction_private_treaty_averageprice":756297.5,"datemonth":12,"sa22016name":"Heidelberg West"},"id":"apm_sa2_2016_timeseries.fid--6db7a557_17930ebef25_-18f7"},{"type":"Feature","properties":{"for_rent_home_lease_averageprice":428.6989,"sa22016code":213041355,"dateyear":2020,"propertycategorisation":"House","for_sale_both_auction_private_treaty_averageprice":553079.5,"datemonth":12,"sa22016name":"Hillside"},"id":"apm_sa2_2016_timeseries.fid--6db7a557_17930ebef25_-18f6"},{"type":"Feature","properties":{"for_rent_home_lease_averageprice":361.4864,"sa22016code":213051361,"dateyear":2020,"propertycategorisation":"House","for_sale_both_auction_private_treaty_averageprice":621992.6,"datemonth":12,"sa22016name":"Hoppers Crossing - North"},"id":"apm_sa2_2016_timeseries.fid--6db7a557_17930ebef25_-18f5"},{"type":"Feature","properties":{"for_rent_home_lease_averageprice":355.4253,"sa22016code":213051362,"dateyear":2020,"propertycategorisation":"House","for_sale_both_auction_private_treaty_averageprice":539824.2,"datemonth":12,"sa22016name":"Hoppers Crossing - South"},"id":"apm_sa2_2016_timeseries.fid--6db7a557_17930ebef25_-18f4"},{"type":"Feature","properties":{"for_rent_home_lease_averageprice":580.8148,"sa22016code":208021180,"dateyear":2020,"propertycategorisation":"House","for_sale_both_auction_private_treaty_averageprice":1591679.0,"datemonth":12,"sa22016name":"Hughesdale"},"id":"apm_sa2_2016_timeseries.fid--6db7a557_17930ebef25_-18f3"},{"type":"Feature","properties":{"for_rent_home_lease_averageprice":483.9474,"sa22016code":209031210,"dateyear":2020,"propertycategorisation":"House","for_sale_both_auction_private_treaty_averageprice":797498.7,"datemonth":12,"sa22016name":"Hurstbridge"},"id":"apm_sa2_2016_timeseries.fid--6db7a557_17930ebef25_-18f2"},{"type":"Feature","properties":{"for_rent_home_lease_averageprice":618.5699,"sa22016code":209011200,"dateyear":2020,"propertycategorisation":"House","for_sale_both_auction_private_treaty_averageprice":1462628.0,"datemonth":12,"sa22016name":"Ivanhoe"},"id":"apm_sa2_2016_timeseries.fid--6db7a557_17930ebef25_-18f1"},{"type":"Feature","properties":{"for_rent_home_lease_averageprice":676.5761,"sa22016code":209011201,"dateyear":2020,"propertycategorisation":"House","for_sale_both_auction_private_treaty_averageprice":2187610.0,"datemonth":12,"sa22016name":"Ivanhoe East - Eaglemont"},"id":"apm_sa2_2016_timeseries.fid--6db7a557_17930ebef25_-18f0"},{"type":"Feature","properties":{"for_rent_home_lease_averageprice":436.7105,"sa22016code":210011228,"dateyear":2020,"propertycategorisation":"House","for_sale_both_auction_private_treaty_averageprice":897554.9,"datemonth":12,"sa22016name":"Keilor"},"id":"apm_sa2_2016_timeseries.fid--6db7a557_17930ebef25_-18ef"},{"type":"Feature","properties":{"for_rent_home_lease_averageprice":408.8291,"sa22016code":213011332,"dateyear":2020,"propertycategorisation":"House","for_sale_both_auction_private_treaty_averageprice":619334.4,"datemonth":12,"sa22016name":"Keilor Downs"},"id":"apm_sa2_2016_timeseries.fid--6db7a557_17930ebef25_-18ee"},{"type":"Feature","properties":{"for_rent_home_lease_averageprice":463.68800000000005,"sa22016code":210011229,"dateyear":2020,"propertycategorisation":"House","for_sale_both_auction_private_treaty_averageprice":905838.7,"datemonth":12,"sa22016name":"Keilor East"},"id":"apm_sa2_2016_timeseries.fid--6db7a557_17930ebef25_-18ed"},{"type":"Feature","properties":{"for_rent_home_lease_averageprice":579.6306,"sa22016code":206041121,"dateyear":2020,"propertycategorisation":"House","for_sale_both_auction_private_treaty_averageprice":1123245.0,"datemonth":12,"sa22016name":"Kensington (Vic.)"},"id":"apm_sa2_2016_timeseries.fid--6db7a557_17930ebef25_-18ec"},{"type":"Feature","properties":{"for_rent_home_lease_averageprice":864.9606,"sa22016code":207011153,"dateyear":2020,"propertycategorisation":"House","for_sale_both_auction_private_treaty_averageprice":2794768.0,"datemonth":12,"sa22016name":"Kew"},"id":"apm_sa2_2016_timeseries.fid--6db7a557_17930ebef25_-18eb"},{"type":"Feature","properties":{"for_rent_home_lease_averageprice":688.2338,"sa22016code":207011154,"dateyear":2020,"propertycategorisation":"House","for_sale_both_auction_private_treaty_averageprice":2036528.0,"datemonth":12,"sa22016name":"Kew East"},"id":"apm_sa2_2016_timeseries.fid--6db7a557_17930ebef25_-18ea"},{"type":"Feature","properties":{"for_rent_home_lease_averageprice":491.8771,"sa22016code":212041314,"dateyear":2020,"propertycategorisation":"House","for_sale_both_auction_private_treaty_averageprice":866975.9,"datemonth":12,"sa22016name":"Keysborough"},"id":"apm_sa2_2016_timeseries.fid--6db7a557_17930ebef25_-18e9"},{"type":"Feature","properties":{"for_rent_home_lease_averageprice":439.6063,"sa22016code":211051277,"dateyear":2020,"propertycategorisation":"House","for_sale_both_auction_private_treaty_averageprice":660699.3,"datemonth":12,"sa22016name":"Kilsyth"},"id":"apm_sa2_2016_timeseries.fid--6db7a557_17930ebef25_-18e7"},{"type":"Feature","properties":{"for_rent_home_lease_averageprice":413.5,"sa22016code":209031211,"dateyear":2020,"propertycategorisation":"House","for_sale_both_auction_private_treaty_averageprice":646335.5,"datemonth":12,"sa22016name":"Kinglake"},"id":"apm_sa2_2016_timeseries.fid--6db7a557_17930ebef25_-18e6"},{"type":"Feature","properties":{"for_rent_home_lease_averageprice":357.9801,"sa22016code":213011333,"dateyear":2020,"propertycategorisation":"House","for_sale_both_auction_private_treaty_averageprice":537097.5,"datemonth":12,"sa22016name":"Kings Park (Vic.)"},"id":"apm_sa2_2016_timeseries.fid--6db7a557_17930ebef25_-18e5"},{"type":"Feature","properties":{"for_rent_home_lease_averageprice":459.0234,"sa22016code":209021205,"dateyear":2020,"propertycategorisation":"House","for_sale_both_auction_private_treaty_averageprice":871272.6,"datemonth":12,"sa22016name":"Kingsbury"},"id":"apm_sa2_2016_timeseries.fid--6db7a557_17930ebef25_-18e4"},{"type":"Feature","properties":{"for_rent_home_lease_averageprice":460.3125,"sa22016code":211011254,"dateyear":2020,"propertycategorisation":"House","for_sale_both_auction_private_treaty_averageprice":828181.9,"datemonth":12,"sa22016name":"Knoxfield - Scoresby"},"id":"apm_sa2_2016_timeseries.fid--6db7a557_17930ebef25_-18e3"},{"type":"Feature","properties":{"for_rent_home_lease_averageprice":384.2941,"sa22016code":212011290,"dateyear":2020,"propertycategorisation":"House","for_sale_both_auction_private_treaty_averageprice":566609.8,"datemonth":12,"sa22016name":"Koo Wee Rup"},"id":"apm_sa2_2016_timeseries.fid--6db7a557_17930ebef25_-18e2"},{"type":"Feature","properties":{"for_rent_home_lease_averageprice":383.2532,"sa22016code":209041219,"dateyear":2020,"propertycategorisation":"House","for_sale_both_auction_private_treaty_averageprice":661175.6,"datemonth":12,"sa22016name":"Lalor"},"id":"apm_sa2_2016_timeseries.fid--6db7a557_17930ebef25_-18df"},{"type":"Feature","properties":{"for_rent_home_lease_averageprice":424.2436,"sa22016code":214011374,"dateyear":2020,"propertycategorisation":"House","for_sale_both_auction_private_treaty_averageprice":694891.7,"datemonth":12,"sa22016name":"Langwarrin"},"id":"apm_sa2_2016_timeseries.fid--6db7a557_17930ebef25_-18de"},{"type":"Feature","properties":{"for_rent_home_lease_averageprice":403.2072,"sa22016code":213051363,"dateyear":2020,"propertycategorisation":"House","for_sale_both_auction_private_treaty_averageprice":625547.3,"datemonth":12,"sa22016name":"Laverton"},"id":"apm_sa2_2016_timeseries.fid--6db7a557_17930ebef25_-18dc"},{"type":"Feature","properties":{"for_rent_home_lease_averageprice":421.2069,"sa22016code":211051278,"dateyear":2020,"propertycategorisation":"House","for_sale_both_auction_private_treaty_averageprice":721066.6,"datemonth":12,"sa22016name":"Lilydale - Coldstream"},"id":"apm_sa2_2016_timeseries.fid--6db7a557_17930ebef25_-18d9"},{"type":"Feature","properties":{"for_rent_home_lease_averageprice":435.3396,"sa22016code":212031306,"dateyear":2020,"propertycategorisation":"House","for_sale_both_auction_private_treaty_averageprice":687288.6,"datemonth":12,"sa22016name":"Lynbrook - Lyndhurst"},"id":"apm_sa2_2016_timeseries.fid--6db7a557_17930ebef25_-18d8"},{"type":"Feature","properties":{"for_rent_home_lease_averageprice":497.5,"sa22016code":211011255,"dateyear":2020,"propertycategorisation":"House","for_sale_both_auction_private_treaty_averageprice":1168366.0,"datemonth":12,"sa22016name":"Lysterfield"},"id":"apm_sa2_2016_timeseries.fid--6db7a557_17930ebef25_-18d7"},{"type":"Feature","properties":{"for_rent_home_lease_averageprice":664.1667,"sa22016code":210021233,"dateyear":2020,"propertycategorisation":"House","for_sale_both_auction_private_treaty_averageprice":1452330.0,"datemonth":12,"sa22016name":"MacEdon"},"id":"apm_sa2_2016_timeseries.fid--6db7a557_17930ebef25_-18d6"},{"type":"Feature","properties":{"for_rent_home_lease_averageprice":829.8978,"sa22016code":208041194,"dateyear":2020,"propertycategorisation":"House","for_sale_both_auction_private_treaty_averageprice":2560451.0,"datemonth":12,"sa22016name":"Malvern - Glen Iris"},"id":"apm_sa2_2016_timeseries.fid--6db7a557_17930ebef25_-18d5"},{"type":"Feature","properties":{"for_rent_home_lease_averageprice":699.2625,"sa22016code":208041195,"dateyear":2020,"propertycategorisation":"House","for_sale_both_auction_private_treaty_averageprice":1858202.0,"datemonth":12,"sa22016name":"Malvern East"},"id":"apm_sa2_2016_timeseries.fid--6db7a557_17930ebef25_-18d4"},{"type":"Feature","properties":{"for_rent_home_lease_averageprice":503.7302,"sa22016code":213031349,"dateyear":2020,"propertycategorisation":"House","for_sale_both_auction_private_treaty_averageprice":1007034.0,"datemonth":12,"sa22016name":"Maribyrnong"},"id":"apm_sa2_2016_timeseries.fid--6db7a557_17930ebef25_-18d2"},{"type":"Feature","properties":{"for_rent_home_lease_averageprice":384.995,"sa22016code":210051247,"dateyear":2020,"propertycategorisation":"House","for_sale_both_auction_private_treaty_averageprice":498890.2,"datemonth":12,"sa22016name":"Meadow Heights"},"id":"apm_sa2_2016_timeseries.fid--6db7a557_17930ebef25_-18d1"},{"type":"Feature","properties":{"for_rent_home_lease_averageprice":374.3103,"sa22016code":206041122,"dateyear":2020,"propertycategorisation":"House","for_sale_both_auction_private_treaty_averageprice":464880.0,"datemonth":12,"sa22016name":"Melbourne"},"id":"apm_sa2_2016_timeseries.fid--6db7a557_17930ebef25_-18d0"},{"type":"Feature","properties":{"for_rent_home_lease_averageprice":null,"sa22016code":210051248,"dateyear":2020,"propertycategorisation":"House","for_sale_both_auction_private_treaty_averageprice":null,"datemonth":12,"sa22016name":"Melbourne Airport"},"id":"apm_sa2_2016_timeseries.fid--6db7a557_17930ebef25_-18cf"},{"type":"Feature","properties":{"for_rent_home_lease_averageprice":331.0191,"sa22016code":213041356,"dateyear":2020,"propertycategorisation":"House","for_sale_both_auction_private_treaty_averageprice":490847.8,"datemonth":12,"sa22016name":"Melton"},"id":"apm_sa2_2016_timeseries.fid--6db7a557_17930ebef25_-18ce"},{"type":"Feature","properties":{"for_rent_home_lease_averageprice":357.3713,"sa22016code":213041357,"dateyear":2020,"propertycategorisation":"House","for_sale_both_auction_private_treaty_averageprice":476099.2,"datemonth":12,"sa22016name":"Melton South"},"id":"apm_sa2_2016_timeseries.fid--6db7a557_17930ebef25_-18cd"},{"type":"Feature","properties":{"for_rent_home_lease_averageprice":361.9887,"sa22016code":213041358,"dateyear":2020,"propertycategorisation":"House","for_sale_both_auction_private_treaty_averageprice":484533.7,"datemonth":12,"sa22016name":"Melton West"},"id":"apm_sa2_2016_timeseries.fid--6db7a557_17930ebef25_-18cc"},{"type":"Feature","properties":{"for_rent_home_lease_averageprice":556.2164,"sa22016code":208031190,"dateyear":2020,"propertycategorisation":"House","for_sale_both_auction_private_treaty_averageprice":1099000.0,"datemonth":12,"sa22016name":"Mentone"},"id":"apm_sa2_2016_timeseries.fid--6db7a557_17930ebef25_-18cb"},{"type":"Feature","properties":{"for_rent_home_lease_averageprice":401.3611,"sa22016code":209041434,"dateyear":2020,"propertycategorisation":"House","for_sale_both_auction_private_treaty_averageprice":575715.5,"datemonth":12,"sa22016name":"Mernda"},"id":"apm_sa2_2016_timeseries.fid--6db7a557_17930ebef25_-18ca"},{"type":"Feature","properties":{"for_rent_home_lease_averageprice":401.6948,"sa22016code":210051445,"dateyear":2020,"propertycategorisation":"House","for_sale_both_auction_private_treaty_averageprice":528636.6,"datemonth":12,"sa22016name":"Mickleham - Yuroke"},"id":"apm_sa2_2016_timeseries.fid--6db7a557_17930ebef25_-18c9"},{"type":"Feature","properties":{"for_rent_home_lease_averageprice":399.4064,"sa22016code":209041220,"dateyear":2020,"propertycategorisation":"House","for_sale_both_auction_private_treaty_averageprice":692428.3,"datemonth":12,"sa22016name":"Mill Park - North"},"id":"apm_sa2_2016_timeseries.fid--6db7a557_17930ebef25_-18c8"},{"type":"Feature","properties":{"for_rent_home_lease_averageprice":398.8081,"sa22016code":209041221,"dateyear":2020,"propertycategorisation":"House","for_sale_both_auction_private_treaty_averageprice":645698.1,"datemonth":12,"sa22016name":"Mill Park - South"},"id":"apm_sa2_2016_timeseries.fid--6db7a557_17930ebef25_-18c7"},{"type":"Feature","properties":{"for_rent_home_lease_averageprice":476.2753,"sa22016code":211041270,"dateyear":2020,"propertycategorisation":"House","for_sale_both_auction_private_treaty_averageprice":1023628.0,"datemonth":12,"sa22016name":"Mitcham (Vic.)"},"id":"apm_sa2_2016_timeseries.fid--6db7a557_17930ebef25_-18c6"},{"type":"Feature","properties":{"for_rent_home_lease_averageprice":447.5,"sa22016code":211051279,"dateyear":2020,"propertycategorisation":"House","for_sale_both_auction_private_treaty_averageprice":797101.3,"datemonth":12,"sa22016name":"Monbulk - Silvan"},"id":"apm_sa2_2016_timeseries.fid--6db7a557_17930ebef25_-18c5"},{"type":"Feature","properties":{"for_rent_home_lease_averageprice":477.6605,"sa22016code":209011202,"dateyear":2020,"propertycategorisation":"House","for_sale_both_auction_private_treaty_averageprice":1185419.0,"datemonth":12,"sa22016name":"Montmorency - Briar Hill"},"id":"apm_sa2_2016_timeseries.fid--6db7a557_17930ebef25_-18c4"},{"type":"Feature","properties":{"for_rent_home_lease_averageprice":466.4583,"sa22016code":211051280,"dateyear":2020,"propertycategorisation":"House","for_sale_both_auction_private_treaty_averageprice":949824.0,"datemonth":12,"sa22016name":"Montrose"},"id":"apm_sa2_2016_timeseries.fid--6db7a557_17930ebef25_-18c3"},{"type":"Feature","properties":{"for_rent_home_lease_averageprice":552.3480000000001,"sa22016code":206031116,"dateyear":2020,"propertycategorisation":"House","for_sale_both_auction_private_treaty_averageprice":1486826.0,"datemonth":12,"sa22016name":"Moonee Ponds"},"id":"apm_sa2_2016_timeseries.fid--6db7a557_17930ebef25_-18c2"},{"type":"Feature","properties":{"for_rent_home_lease_averageprice":576.5747,"sa22016code":208031191,"dateyear":2020,"propertycategorisation":"House","for_sale_both_auction_private_treaty_averageprice":977987.4,"datemonth":12,"sa22016name":"Moorabbin - Heatherton"},"id":"apm_sa2_2016_timeseries.fid--6db7a557_17930ebef25_-18c1"},{"type":"Feature","properties":{"for_rent_home_lease_averageprice":431.8077,"sa22016code":211051281,"dateyear":2020,"propertycategorisation":"House","for_sale_both_auction_private_treaty_averageprice":719614.6,"datemonth":12,"sa22016name":"Mooroolbark"},"id":"apm_sa2_2016_timeseries.fid--6db7a557_17930ebef25_-18c0"},{"type":"Feature","properties":{"for_rent_home_lease_averageprice":572.4677,"sa22016code":208031193,"dateyear":2020,"propertycategorisation":"House","for_sale_both_auction_private_treaty_averageprice":1080266.0,"datemonth":12,"sa22016name":"Mordialloc - Parkdale"},"id":"apm_sa2_2016_timeseries.fid--6db7a557_17930ebef25_-18bf"},{"type":"Feature","properties":{"for_rent_home_lease_averageprice":560.8672,"sa22016code":214021380,"dateyear":2020,"propertycategorisation":"House","for_sale_both_auction_private_treaty_averageprice":1082453.0,"datemonth":12,"sa22016name":"Mornington"},"id":"apm_sa2_2016_timeseries.fid--6db7a557_17930ebef25_-18be"},{"type":"Feature","properties":{"for_rent_home_lease_averageprice":507.80699999999996,"sa22016code":211051282,"dateyear":2020,"propertycategorisation":"House","for_sale_both_auction_private_treaty_averageprice":903793.0,"datemonth":12,"sa22016name":"Mount Dandenong - Olinda"},"id":"apm_sa2_2016_timeseries.fid--6db7a557_17930ebef25_-18bc"},{"type":"Feature","properties":{"for_rent_home_lease_averageprice":785.7877,"sa22016code":214021381,"dateyear":2020,"propertycategorisation":"House","for_sale_both_auction_private_treaty_averageprice":1674480.0,"datemonth":12,"sa22016name":"Mount Eliza"},"id":"apm_sa2_2016_timeseries.fid--6db7a557_17930ebef25_-18bb"},{"type":"Feature","properties":{"for_rent_home_lease_averageprice":423.5714,"sa22016code":211051283,"dateyear":2020,"propertycategorisation":"House","for_sale_both_auction_private_treaty_averageprice":708341.3,"datemonth":12,"sa22016name":"Mount Evelyn"},"id":"apm_sa2_2016_timeseries.fid--6db7a557_17930ebef25_-18ba"},{"type":"Feature","properties":{"for_rent_home_lease_averageprice":633.0,"sa22016code":214021382,"dateyear":2020,"propertycategorisation":"House","for_sale_both_auction_private_treaty_averageprice":1357965.0,"datemonth":12,"sa22016name":"Mount Martha"},"id":"apm_sa2_2016_timeseries.fid--6db7a557_17930ebef25_-18b9"},{"type":"Feature","properties":{"for_rent_home_lease_averageprice":563.0878,"sa22016code":212051323,"dateyear":2020,"propertycategorisation":"House","for_sale_both_auction_private_treaty_averageprice":1379828.0,"datemonth":12,"sa22016name":"Mount Waverley - North"},"id":"apm_sa2_2016_timeseries.fid--6db7a557_17930ebef25_-18b8"},{"type":"Feature","properties":{"for_rent_home_lease_averageprice":547.8636,"sa22016code":212051324,"dateyear":2020,"propertycategorisation":"House","for_sale_both_auction_private_treaty_averageprice":1347447.0,"datemonth":12,"sa22016name":"Mount Waverley - South"},"id":"apm_sa2_2016_timeseries.fid--6db7a557_17930ebef25_-18b7"},{"type":"Feature","properties":{"for_rent_home_lease_averageprice":483.9669,"sa22016code":212051325,"dateyear":2020,"propertycategorisation":"House","for_sale_both_auction_private_treaty_averageprice":885082.5,"datemonth":12,"sa22016name":"Mulgrave"},"id":"apm_sa2_2016_timeseries.fid--6db7a557_17930ebef25_-18b6"},{"type":"Feature","properties":{"for_rent_home_lease_averageprice":610.3939,"sa22016code":208021181,"dateyear":2020,"propertycategorisation":"House","for_sale_both_auction_private_treaty_averageprice":1239770.0,"datemonth":12,"sa22016name":"Murrumbeena"},"id":"apm_sa2_2016_timeseries.fid--6db7a557_17930ebef25_-18b5"},{"type":"Feature","properties":{"for_rent_home_lease_averageprice":398.209,"sa22016code":212021455,"dateyear":2020,"propertycategorisation":"House","for_sale_both_auction_private_treaty_averageprice":652832.4,"datemonth":12,"sa22016name":"Narre Warren - North East"},"id":"apm_sa2_2016_timeseries.fid--6db7a557_17930ebef25_-18b4"},{"type":"Feature","properties":{"for_rent_home_lease_averageprice":380.3333,"sa22016code":212021456,"dateyear":2020,"propertycategorisation":"House","for_sale_both_auction_private_treaty_averageprice":875020.3,"datemonth":12,"sa22016name":"Narre Warren - South West"},"id":"apm_sa2_2016_timeseries.fid--6db7a557_17930ebef25_-18b3"},{"type":"Feature","properties":{"for_rent_home_lease_averageprice":675.2632,"sa22016code":212021299,"dateyear":2020,"propertycategorisation":"House","for_sale_both_auction_private_treaty_averageprice":1450702.0,"datemonth":12,"sa22016name":"Narre Warren North"},"id":"apm_sa2_2016_timeseries.fid--6db7a557_17930ebef25_-18b2"},{"type":"Feature","properties":{"for_rent_home_lease_averageprice":475.5555,"sa22016code":212031457,"dateyear":2020,"propertycategorisation":"House","for_sale_both_auction_private_treaty_averageprice":811140.7,"datemonth":12,"sa22016name":"Narre Warren South (East)"},"id":"apm_sa2_2016_timeseries.fid--6db7a557_17930ebef25_-18b1"},{"type":"Feature","properties":{"for_rent_home_lease_averageprice":407.3421,"sa22016code":212031458,"dateyear":2020,"propertycategorisation":"House","for_sale_both_auction_private_treaty_averageprice":653490.1,"datemonth":12,"sa22016name":"Narre Warren South (West)"},"id":"apm_sa2_2016_timeseries.fid--6db7a557_17930ebef25_-18b0"},{"type":"Feature","properties":{"for_rent_home_lease_averageprice":560.221,"sa22016code":213021344,"dateyear":2020,"propertycategorisation":"House","for_sale_both_auction_private_treaty_averageprice":1025295.0,"datemonth":12,"sa22016name":"Newport"},"id":"apm_sa2_2016_timeseries.fid--6db7a557_17930ebef25_-18ae"},{"type":"Feature","properties":{"for_rent_home_lease_averageprice":542.9189,"sa22016code":210011230,"dateyear":2020,"propertycategorisation":"House","for_sale_both_auction_private_treaty_averageprice":1036224.0,"datemonth":12,"sa22016name":"Niddrie - Essendon West"},"id":"apm_sa2_2016_timeseries.fid--6db7a557_17930ebef25_-18ac"},{"type":"Feature","properties":{"for_rent_home_lease_averageprice":380.7061,"sa22016code":212041459,"dateyear":2020,"propertycategorisation":"House","for_sale_both_auction_private_treaty_averageprice":598969.4,"datemonth":12,"sa22016name":"Noble Park - East"},"id":"apm_sa2_2016_timeseries.fid--6db7a557_17930ebef25_-18ab"},{"type":"Feature","properties":{"for_rent_home_lease_averageprice":408.9767,"sa22016code":212041460,"dateyear":2020,"propertycategorisation":"House","for_sale_both_auction_private_treaty_averageprice":614167.9,"datemonth":12,"sa22016name":"Noble Park - West"},"id":"apm_sa2_2016_timeseries.fid--6db7a557_17930ebef25_-18aa"},{"type":"Feature","properties":{"for_rent_home_lease_averageprice":398.8713,"sa22016code":212041316,"dateyear":2020,"propertycategorisation":"House","for_sale_both_auction_private_treaty_averageprice":627335.8,"datemonth":12,"sa22016name":"Noble Park North"},"id":"apm_sa2_2016_timeseries.fid--6db7a557_17930ebef25_-18a9"},{"type":"Feature","properties":{"for_rent_home_lease_averageprice":643.1599,"sa22016code":206041123,"dateyear":2020,"propertycategorisation":"House","for_sale_both_auction_private_treaty_averageprice":1280334.0,"datemonth":12,"sa22016name":"North Melbourne"},"id":"apm_sa2_2016_timeseries.fid--6db7a557_17930ebef25_-18a7"},{"type":"Feature","properties":{"for_rent_home_lease_averageprice":666.04,"sa22016code":206021111,"dateyear":2020,"propertycategorisation":"House","for_sale_both_auction_private_treaty_averageprice":1395595.0,"datemonth":12,"sa22016name":"Northcote"},"id":"apm_sa2_2016_timeseries.fid--6db7a557_17930ebef25_-18a6"},{"type":"Feature","properties":{"for_rent_home_lease_averageprice":469.7245,"sa22016code":211041271,"dateyear":2020,"propertycategorisation":"House","for_sale_both_auction_private_treaty_averageprice":1018127.0,"datemonth":12,"sa22016name":"Nunawading"},"id":"apm_sa2_2016_timeseries.fid--6db7a557_17930ebef25_-18a5"},{"type":"Feature","properties":{"for_rent_home_lease_averageprice":512.8326,"sa22016code":212051326,"dateyear":2020,"propertycategorisation":"House","for_sale_both_auction_private_treaty_averageprice":1027654.0,"datemonth":12,"sa22016name":"Oakleigh - Huntingdale"},"id":"apm_sa2_2016_timeseries.fid--6db7a557_17930ebef25_-18a4"},{"type":"Feature","properties":{"for_rent_home_lease_averageprice":660.7362,"sa22016code":208021182,"dateyear":2020,"propertycategorisation":"House","for_sale_both_auction_private_treaty_averageprice":1320981.0,"datemonth":12,"sa22016name":"Ormond - Glen Huntly"},"id":"apm_sa2_2016_timeseries.fid--6db7a557_17930ebef25_-18a2"},{"type":"Feature","properties":{"for_rent_home_lease_averageprice":364.2369,"sa22016code":212011291,"dateyear":2020,"propertycategorisation":"House","for_sale_both_auction_private_treaty_averageprice":523847.1,"datemonth":12,"sa22016name":"Pakenham - North"},"id":"apm_sa2_2016_timeseries.fid--6db7a557_17930ebef25_-18a1"},{"type":"Feature","properties":{"for_rent_home_lease_averageprice":373.2123,"sa22016code":212011292,"dateyear":2020,"propertycategorisation":"House","for_sale_both_auction_private_treaty_averageprice":530342.3,"datemonth":12,"sa22016name":"Pakenham - South"},"id":"apm_sa2_2016_timeseries.fid--6db7a557_17930ebef25_-18a0"},{"type":"Feature","properties":{"for_rent_home_lease_averageprice":492.5,"sa22016code":209031212,"dateyear":2020,"propertycategorisation":"House","for_sale_both_auction_private_treaty_averageprice":1184959.0,"datemonth":12,"sa22016name":"Panton Hill - St Andrews"},"id":"apm_sa2_2016_timeseries.fid--6db7a557_17930ebef25_-189f"},{"type":"Feature","properties":{"for_rent_home_lease_averageprice":688.7266,"sa22016code":206041124,"dateyear":2020,"propertycategorisation":"House","for_sale_both_auction_private_treaty_averageprice":1422760.0,"datemonth":12,"sa22016name":"Parkville"},"id":"apm_sa2_2016_timeseries.fid--6db7a557_17930ebef25_-189e"},{"type":"Feature","properties":{"for_rent_home_lease_averageprice":449.5919,"sa22016code":210031239,"dateyear":2020,"propertycategorisation":"House","for_sale_both_auction_private_treaty_averageprice":770479.4,"datemonth":12,"sa22016name":"Pascoe Vale"},"id":"apm_sa2_2016_timeseries.fid--6db7a557_17930ebef25_-189d"},{"type":"Feature","properties":{"for_rent_home_lease_averageprice":494.245,"sa22016code":206011109,"dateyear":2020,"propertycategorisation":"House","for_sale_both_auction_private_treaty_averageprice":985622.2,"datemonth":12,"sa22016name":"Pascoe Vale South"},"id":"apm_sa2_2016_timeseries.fid--6db7a557_17930ebef25_-189c"},{"type":"Feature","properties":{"for_rent_home_lease_averageprice":411.1364,"sa22016code":212031308,"dateyear":2020,"propertycategorisation":"House","for_sale_both_auction_private_treaty_averageprice":694103.4,"datemonth":12,"sa22016name":"Pearcedale - Tooradin"},"id":"apm_sa2_2016_timeseries.fid--6db7a557_17930ebef25_-189b"},{"type":"Feature","properties":{"for_rent_home_lease_averageprice":550.6977,"sa22016code":209031213,"dateyear":2020,"propertycategorisation":"House","for_sale_both_auction_private_treaty_averageprice":1251353.0,"datemonth":12,"sa22016name":"Plenty - Yarrambat"},"id":"apm_sa2_2016_timeseries.fid--6db7a557_17930ebef25_-1899"},{"type":"Feature","properties":{"for_rent_home_lease_averageprice":432.2086,"sa22016code":213051464,"dateyear":2020,"propertycategorisation":"House","for_sale_both_auction_private_treaty_averageprice":686675.2,"datemonth":12,"sa22016name":"Point Cook - East"},"id":"apm_sa2_2016_timeseries.fid--6db7a557_17930ebef25_-1898"},{"type":"Feature","properties":{"for_rent_home_lease_averageprice":411.4182,"sa22016code":213051465,"dateyear":2020,"propertycategorisation":"House","for_sale_both_auction_private_treaty_averageprice":660553.0,"datemonth":12,"sa22016name":"Point Cook - North"},"id":"apm_sa2_2016_timeseries.fid--6db7a557_17930ebef25_-1897"},{"type":"Feature","properties":{"for_rent_home_lease_averageprice":422.8292,"sa22016code":213051466,"dateyear":2020,"propertycategorisation":"House","for_sale_both_auction_private_treaty_averageprice":678658.1,"datemonth":12,"sa22016name":"Point Cook - South"},"id":"apm_sa2_2016_timeseries.fid--6db7a557_17930ebef25_-1896"},{"type":"Feature","properties":{"for_rent_home_lease_averageprice":544.4062,"sa22016code":214021383,"dateyear":2020,"propertycategorisation":"House","for_sale_both_auction_private_treaty_averageprice":1315293.0,"datemonth":12,"sa22016name":"Point Nepean"},"id":"apm_sa2_2016_timeseries.fid--6db7a557_17930ebef25_-1894"},{"type":"Feature","properties":{"for_rent_home_lease_averageprice":745.0736,"sa22016code":206051130,"dateyear":2020,"propertycategorisation":"House","for_sale_both_auction_private_treaty_averageprice":1704228.0,"datemonth":12,"sa22016name":"Port Melbourne"},"id":"apm_sa2_2016_timeseries.fid--6db7a557_17930ebef25_-1893"},{"type":"Feature","properties":{"for_rent_home_lease_averageprice":674.7525,"sa22016code":206061136,"dateyear":2020,"propertycategorisation":"House","for_sale_both_auction_private_treaty_averageprice":1719839.0,"datemonth":12,"sa22016name":"Prahran - Windsor"},"id":"apm_sa2_2016_timeseries.fid--6db7a557_17930ebef25_-1891"},{"type":"Feature","properties":{"for_rent_home_lease_averageprice":495.3185,"sa22016code":209021428,"dateyear":2020,"propertycategorisation":"House","for_sale_both_auction_private_treaty_averageprice":896992.9,"datemonth":12,"sa22016name":"Preston - East"},"id":"apm_sa2_2016_timeseries.fid--6db7a557_17930ebef25_-1890"},{"type":"Feature","properties":{"for_rent_home_lease_averageprice":520.0396,"sa22016code":209021429,"dateyear":2020,"propertycategorisation":"House","for_sale_both_auction_private_treaty_averageprice":949999.1,"datemonth":12,"sa22016name":"Preston - West"},"id":"apm_sa2_2016_timeseries.fid--6db7a557_17930ebef25_-188f"},{"type":"Feature","properties":{"for_rent_home_lease_averageprice":593.1469999999999,"sa22016code":209031214,"dateyear":2020,"propertycategorisation":"House","for_sale_both_auction_private_treaty_averageprice":1267225.0,"datemonth":12,"sa22016name":"Research - North Warrandyte"},"id":"apm_sa2_2016_timeseries.fid--6db7a557_17930ebef25_-188e"},{"type":"Feature","properties":{"for_rent_home_lease_averageprice":417.8342,"sa22016code":209021207,"dateyear":2020,"propertycategorisation":"House","for_sale_both_auction_private_treaty_averageprice":719474.8,"datemonth":12,"sa22016name":"Reservoir - East"},"id":"apm_sa2_2016_timeseries.fid--6db7a557_17930ebef25_-188d"},{"type":"Feature","properties":{"for_rent_home_lease_averageprice":431.6134,"sa22016code":209021208,"dateyear":2020,"propertycategorisation":"House","for_sale_both_auction_private_treaty_averageprice":789796.8,"datemonth":12,"sa22016name":"Reservoir - West"},"id":"apm_sa2_2016_timeseries.fid--6db7a557_17930ebef25_-188c"},{"type":"Feature","properties":{"for_rent_home_lease_averageprice":707.5614,"sa22016code":206071144,"dateyear":2020,"propertycategorisation":"House","for_sale_both_auction_private_treaty_averageprice":1477552.0,"datemonth":12,"sa22016name":"Richmond (Vic.)"},"id":"apm_sa2_2016_timeseries.fid--6db7a557_17930ebef25_-188b"},{"type":"Feature","properties":{"for_rent_home_lease_averageprice":467.1739,"sa22016code":210021234,"dateyear":2020,"propertycategorisation":"House","for_sale_both_auction_private_treaty_averageprice":869677.9,"datemonth":12,"sa22016name":"Riddells Creek"},"id":"apm_sa2_2016_timeseries.fid--6db7a557_17930ebef25_-188a"},{"type":"Feature","properties":{"for_rent_home_lease_averageprice":457.7162,"sa22016code":211031266,"dateyear":2020,"propertycategorisation":"House","for_sale_both_auction_private_treaty_averageprice":860928.9,"datemonth":12,"sa22016name":"Ringwood"},"id":"apm_sa2_2016_timeseries.fid--6db7a557_17930ebef25_-1889"},{"type":"Feature","properties":{"for_rent_home_lease_averageprice":461.6806,"sa22016code":211031267,"dateyear":2020,"propertycategorisation":"House","for_sale_both_auction_private_treaty_averageprice":838541.6,"datemonth":12,"sa22016name":"Ringwood East"},"id":"apm_sa2_2016_timeseries.fid--6db7a557_17930ebef25_-1888"},{"type":"Feature","properties":{"for_rent_home_lease_averageprice":511.1642,"sa22016code":211031268,"dateyear":2020,"propertycategorisation":"House","for_sale_both_auction_private_treaty_averageprice":974329.6,"datemonth":12,"sa22016name":"Ringwood North"},"id":"apm_sa2_2016_timeseries.fid--6db7a557_17930ebef25_-1887"},{"type":"Feature","properties":{"for_rent_home_lease_averageprice":404.6799,"sa22016code":213041359,"dateyear":2020,"propertycategorisation":"House","for_sale_both_auction_private_treaty_averageprice":515097.4,"datemonth":12,"sa22016name":"Rockbank - Mount Cottrell"},"id":"apm_sa2_2016_timeseries.fid--6db7a557_17930ebef25_-1886"},{"type":"Feature","properties":{"for_rent_home_lease_averageprice":428.2267,"sa22016code":210021235,"dateyear":2020,"propertycategorisation":"House","for_sale_both_auction_private_treaty_averageprice":693000.8,"datemonth":12,"sa22016name":"Romsey"},"id":"apm_sa2_2016_timeseries.fid--6db7a557_17930ebef25_-1885"},{"type":"Feature","properties":{"for_rent_home_lease_averageprice":402.0147,"sa22016code":214021384,"dateyear":2020,"propertycategorisation":"House","for_sale_both_auction_private_treaty_averageprice":698710.8,"datemonth":12,"sa22016name":"Rosebud - McCrae"},"id":"apm_sa2_2016_timeseries.fid--6db7a557_17930ebef25_-1884"},{"type":"Feature","properties":{"for_rent_home_lease_averageprice":474.6904,"sa22016code":211011256,"dateyear":2020,"propertycategorisation":"House","for_sale_both_auction_private_treaty_averageprice":811854.1,"datemonth":12,"sa22016name":"Rowville - Central"},"id":"apm_sa2_2016_timeseries.fid--6db7a557_17930ebef25_-1883"},{"type":"Feature","properties":{"for_rent_home_lease_averageprice":486.5517,"sa22016code":211011257,"dateyear":2020,"propertycategorisation":"House","for_sale_both_auction_private_treaty_averageprice":847629.6,"datemonth":12,"sa22016name":"Rowville - North"},"id":"apm_sa2_2016_timeseries.fid--6db7a557_17930ebef25_-1882"},{"type":"Feature","properties":{"for_rent_home_lease_averageprice":512.2727,"sa22016code":211011258,"dateyear":2020,"propertycategorisation":"House","for_sale_both_auction_private_treaty_averageprice":845281.3,"datemonth":12,"sa22016name":"Rowville - South"},"id":"apm_sa2_2016_timeseries.fid--6db7a557_17930ebef25_-1881"},{"type":"Feature","properties":{"for_rent_home_lease_averageprice":404.9155,"sa22016code":210051249,"dateyear":2020,"propertycategorisation":"House","for_sale_both_auction_private_treaty_averageprice":563204.0,"datemonth":12,"sa22016name":"Roxburgh Park - Somerton"},"id":"apm_sa2_2016_timeseries.fid--6db7a557_17930ebef25_-1880"},{"type":"Feature","properties":{"for_rent_home_lease_averageprice":865.5691,"sa22016code":208011173,"dateyear":2020,"propertycategorisation":"House","for_sale_both_auction_private_treaty_averageprice":1982370.0,"datemonth":12,"sa22016name":"Sandringham - Black Rock"},"id":"apm_sa2_2016_timeseries.fid--6db7a557_17930ebef25_-187f"},{"type":"Feature","properties":{"for_rent_home_lease_averageprice":385.2475,"sa22016code":213021345,"dateyear":2020,"propertycategorisation":"House","for_sale_both_auction_private_treaty_averageprice":648918.4,"datemonth":12,"sa22016name":"Seabrook"},"id":"apm_sa2_2016_timeseries.fid--6db7a557_17930ebef25_-187e"},{"type":"Feature","properties":{"for_rent_home_lease_averageprice":442.4281,"sa22016code":214011375,"dateyear":2020,"propertycategorisation":"House","for_sale_both_auction_private_treaty_averageprice":679369.8,"datemonth":12,"sa22016name":"Seaford (Vic.)"},"id":"apm_sa2_2016_timeseries.fid--6db7a557_17930ebef25_-187d"},{"type":"Feature","properties":{"for_rent_home_lease_averageprice":548.4518,"sa22016code":213031350,"dateyear":2020,"propertycategorisation":"House","for_sale_both_auction_private_treaty_averageprice":973909.9,"datemonth":12,"sa22016name":"Seddon - Kingsville"},"id":"apm_sa2_2016_timeseries.fid--6db7a557_17930ebef25_-187c"},{"type":"Feature","properties":{"for_rent_home_lease_averageprice":508.0917,"sa22016code":214011376,"dateyear":2020,"propertycategorisation":"House","for_sale_both_auction_private_treaty_averageprice":735775.4,"datemonth":12,"sa22016name":"Skye - Sandhurst"},"id":"apm_sa2_2016_timeseries.fid--6db7a557_17930ebef25_-187a"},{"type":"Feature","properties":{"for_rent_home_lease_averageprice":471.3415,"sa22016code":214021385,"dateyear":2020,"propertycategorisation":"House","for_sale_both_auction_private_treaty_averageprice":688501.1,"datemonth":12,"sa22016name":"Somerville"},"id":"apm_sa2_2016_timeseries.fid--6db7a557_17930ebef25_-1879"},{"type":"Feature","properties":{"for_rent_home_lease_averageprice":661.7492,"sa22016code":206051132,"dateyear":2020,"propertycategorisation":"House","for_sale_both_auction_private_treaty_averageprice":1625096.0,"datemonth":12,"sa22016name":"South Melbourne"},"id":"apm_sa2_2016_timeseries.fid--6db7a557_17930ebef25_-1878"},{"type":"Feature","properties":{"for_rent_home_lease_averageprice":413.1044,"sa22016code":209041435,"dateyear":2020,"propertycategorisation":"House","for_sale_both_auction_private_treaty_averageprice":672937.9,"datemonth":12,"sa22016name":"South Morang (North)"},"id":"apm_sa2_2016_timeseries.fid--6db7a557_17930ebef25_-1877"},{"type":"Feature","properties":{"for_rent_home_lease_averageprice":402.0876,"sa22016code":209041436,"dateyear":2020,"propertycategorisation":"House","for_sale_both_auction_private_treaty_averageprice":592373.6,"datemonth":12,"sa22016name":"South Morang (South)"},"id":"apm_sa2_2016_timeseries.fid--6db7a557_17930ebef25_-1876"},{"type":"Feature","properties":{"for_rent_home_lease_averageprice":704.3513,"sa22016code":206061137,"dateyear":2020,"propertycategorisation":"House","for_sale_both_auction_private_treaty_averageprice":2244414.0,"datemonth":12,"sa22016name":"South Yarra - East"},"id":"apm_sa2_2016_timeseries.fid--6db7a557_17930ebef25_-1875"},{"type":"Feature","properties":{"for_rent_home_lease_averageprice":988.3333,"sa22016code":206041125,"dateyear":2020,"propertycategorisation":"House","for_sale_both_auction_private_treaty_averageprice":4495857.0,"datemonth":12,"sa22016name":"South Yarra - West"},"id":"apm_sa2_2016_timeseries.fid--6db7a557_17930ebef25_-1874"},{"type":"Feature","properties":{"for_rent_home_lease_averageprice":417.0156,"sa22016code":212041317,"dateyear":2020,"propertycategorisation":"House","for_sale_both_auction_private_treaty_averageprice":773243.0,"datemonth":12,"sa22016name":"Springvale"},"id":"apm_sa2_2016_timeseries.fid--6db7a557_17930ebef25_-1873"},{"type":"Feature","properties":{"for_rent_home_lease_averageprice":401.1793,"sa22016code":212041318,"dateyear":2020,"propertycategorisation":"House","for_sale_both_auction_private_treaty_averageprice":658816.7,"datemonth":12,"sa22016name":"Springvale South"},"id":"apm_sa2_2016_timeseries.fid--6db7a557_17930ebef25_-1872"},{"type":"Feature","properties":{"for_rent_home_lease_averageprice":361.971,"sa22016code":213011334,"dateyear":2020,"propertycategorisation":"House","for_sale_both_auction_private_treaty_averageprice":611539.8,"datemonth":12,"sa22016name":"St Albans - North"},"id":"apm_sa2_2016_timeseries.fid--6db7a557_17930ebef25_-1871"},{"type":"Feature","properties":{"for_rent_home_lease_averageprice":370.481,"sa22016code":213011335,"dateyear":2020,"propertycategorisation":"House","for_sale_both_auction_private_treaty_averageprice":612301.9,"datemonth":12,"sa22016name":"St Albans - South"},"id":"apm_sa2_2016_timeseries.fid--6db7a557_17930ebef25_-1870"},{"type":"Feature","properties":{"for_rent_home_lease_averageprice":622.8686,"sa22016code":206051133,"dateyear":2020,"propertycategorisation":"House","for_sale_both_auction_private_treaty_averageprice":1826368.0,"datemonth":12,"sa22016name":"St Kilda"},"id":"apm_sa2_2016_timeseries.fid--6db7a557_17930ebef25_-186f"},{"type":"Feature","properties":{"for_rent_home_lease_averageprice":614.675,"sa22016code":206051134,"dateyear":2020,"propertycategorisation":"House","for_sale_both_auction_private_treaty_averageprice":1393419.0,"datemonth":12,"sa22016name":"St Kilda East"},"id":"apm_sa2_2016_timeseries.fid--6db7a557_17930ebef25_-186e"},{"type":"Feature","properties":{"for_rent_home_lease_averageprice":568.9493,"sa22016code":210011231,"dateyear":2020,"propertycategorisation":"House","for_sale_both_auction_private_treaty_averageprice":1310232.0,"datemonth":12,"sa22016name":"Strathmore"},"id":"apm_sa2_2016_timeseries.fid--6db7a557_17930ebef25_-186d"},{"type":"Feature","properties":{"for_rent_home_lease_averageprice":418.8398,"sa22016code":210041240,"dateyear":2020,"propertycategorisation":"House","for_sale_both_auction_private_treaty_averageprice":765070.1,"datemonth":12,"sa22016name":"Sunbury"},"id":"apm_sa2_2016_timeseries.fid--6db7a557_17930ebef25_-186c"},{"type":"Feature","properties":{"for_rent_home_lease_averageprice":394.7033,"sa22016code":210041241,"dateyear":2020,"propertycategorisation":"House","for_sale_both_auction_private_treaty_averageprice":531883.3,"datemonth":12,"sa22016name":"Sunbury - South"},"id":"apm_sa2_2016_timeseries.fid--6db7a557_17930ebef25_-186b"},{"type":"Feature","properties":{"for_rent_home_lease_averageprice":390.8403,"sa22016code":213011336,"dateyear":2020,"propertycategorisation":"House","for_sale_both_auction_private_treaty_averageprice":718855.3,"datemonth":12,"sa22016name":"Sunshine"},"id":"apm_sa2_2016_timeseries.fid--6db7a557_17930ebef25_-186a"},{"type":"Feature","properties":{"for_rent_home_lease_averageprice":385.06800000000004,"sa22016code":213011337,"dateyear":2020,"propertycategorisation":"House","for_sale_both_auction_private_treaty_averageprice":669138.8,"datemonth":12,"sa22016name":"Sunshine North"},"id":"apm_sa2_2016_timeseries.fid--6db7a557_17930ebef25_-1869"},{"type":"Feature","properties":{"for_rent_home_lease_averageprice":382.0949,"sa22016code":213011338,"dateyear":2020,"propertycategorisation":"House","for_sale_both_auction_private_treaty_averageprice":627689.7,"datemonth":12,"sa22016name":"Sunshine West"},"id":"apm_sa2_2016_timeseries.fid--6db7a557_17930ebef25_-1868"},{"type":"Feature","properties":{"for_rent_home_lease_averageprice":619.9063,"sa22016code":207031167,"dateyear":2020,"propertycategorisation":"House","for_sale_both_auction_private_treaty_averageprice":1858343.0,"datemonth":12,"sa22016name":"Surrey Hills (East) - Mont Albert"},"id":"apm_sa2_2016_timeseries.fid--6db7a557_17930ebef25_-1867"},{"type":"Feature","properties":{"for_rent_home_lease_averageprice":860.7062,"sa22016code":207011155,"dateyear":2020,"propertycategorisation":"House","for_sale_both_auction_private_treaty_averageprice":2738240.0,"datemonth":12,"sa22016name":"Surrey Hills (West) - Canterbury"},"id":"apm_sa2_2016_timeseries.fid--6db7a557_17930ebef25_-1866"},{"type":"Feature","properties":{"for_rent_home_lease_averageprice":398.4078,"sa22016code":213011339,"dateyear":2020,"propertycategorisation":"House","for_sale_both_auction_private_treaty_averageprice":573769.4,"datemonth":12,"sa22016name":"Sydenham"},"id":"apm_sa2_2016_timeseries.fid--6db7a557_17930ebef25_-1865"},{"type":"Feature","properties":{"for_rent_home_lease_averageprice":386.4539,"sa22016code":213051365,"dateyear":2020,"propertycategorisation":"House","for_sale_both_auction_private_treaty_averageprice":532136.8,"datemonth":12,"sa22016name":"Tarneit"},"id":"apm_sa2_2016_timeseries.fid--6db7a557_17930ebef25_-1864"},{"type":"Feature","properties":{"for_rent_home_lease_averageprice":435.8517,"sa22016code":213041360,"dateyear":2020,"propertycategorisation":"House","for_sale_both_auction_private_treaty_averageprice":660903.9,"datemonth":12,"sa22016name":"Taylors Hill"},"id":"apm_sa2_2016_timeseries.fid--6db7a557_17930ebef25_-1863"},{"type":"Feature","properties":{"for_rent_home_lease_averageprice":456.7623,"sa22016code":213011340,"dateyear":2020,"propertycategorisation":"House","for_sale_both_auction_private_treaty_averageprice":751368.9,"datemonth":12,"sa22016name":"Taylors Lakes"},"id":"apm_sa2_2016_timeseries.fid--6db7a557_17930ebef25_-1862"},{"type":"Feature","properties":{"for_rent_home_lease_averageprice":698.8442,"sa22016code":207021159,"dateyear":2020,"propertycategorisation":"House","for_sale_both_auction_private_treaty_averageprice":1726336.0,"datemonth":12,"sa22016name":"Templestowe"},"id":"apm_sa2_2016_timeseries.fid--6db7a557_17930ebef25_-1861"},{"type":"Feature","properties":{"for_rent_home_lease_averageprice":548.7958,"sa22016code":207021160,"dateyear":2020,"propertycategorisation":"House","for_sale_both_auction_private_treaty_averageprice":1153779.0,"datemonth":12,"sa22016name":"Templestowe Lower"},"id":"apm_sa2_2016_timeseries.fid--6db7a557_17930ebef25_-1860"},{"type":"Feature","properties":{"for_rent_home_lease_averageprice":409.2857,"sa22016code":211011449,"dateyear":2020,"propertycategorisation":"House","for_sale_both_auction_private_treaty_averageprice":845544.2,"datemonth":12,"sa22016name":"The Basin"},"id":"apm_sa2_2016_timeseries.fid--6db7a557_17930ebef25_-185f"},{"type":"Feature","properties":{"for_rent_home_lease_averageprice":384.3177,"sa22016code":209041223,"dateyear":2020,"propertycategorisation":"House","for_sale_both_auction_private_treaty_averageprice":619743.9,"datemonth":12,"sa22016name":"Thomastown"},"id":"apm_sa2_2016_timeseries.fid--6db7a557_17930ebef25_-185e"},{"type":"Feature","properties":{"for_rent_home_lease_averageprice":590.1762,"sa22016code":206021112,"dateyear":2020,"propertycategorisation":"House","for_sale_both_auction_private_treaty_averageprice":1156133.0,"datemonth":12,"sa22016name":"Thornbury"},"id":"apm_sa2_2016_timeseries.fid--6db7a557_17930ebef25_-185d"},{"type":"Feature","properties":{"for_rent_home_lease_averageprice":1153.201,"sa22016code":206061138,"dateyear":2020,"propertycategorisation":"House","for_sale_both_auction_private_treaty_averageprice":5731792.0,"datemonth":12,"sa22016name":"Toorak"},"id":"apm_sa2_2016_timeseries.fid--6db7a557_17930ebef25_-185c"},{"type":"Feature","properties":{"for_rent_home_lease_averageprice":398.9665,"sa22016code":213051366,"dateyear":2020,"propertycategorisation":"House","for_sale_both_auction_private_treaty_averageprice":547067.3,"datemonth":12,"sa22016name":"Truganina"},"id":"apm_sa2_2016_timeseries.fid--6db7a557_17930ebef25_-185a"},{"type":"Feature","properties":{"for_rent_home_lease_averageprice":393.1828,"sa22016code":210051250,"dateyear":2020,"propertycategorisation":"House","for_sale_both_auction_private_treaty_averageprice":589766.0,"datemonth":12,"sa22016name":"Tullamarine"},"id":"apm_sa2_2016_timeseries.fid--6db7a557_17930ebef25_-1859"},{"type":"Feature","properties":{"for_rent_home_lease_averageprice":473.1522,"sa22016code":211051284,"dateyear":2020,"propertycategorisation":"House","for_sale_both_auction_private_treaty_averageprice":765345.3,"datemonth":12,"sa22016name":"Upwey - Tecoma"},"id":"apm_sa2_2016_timeseries.fid--6db7a557_17930ebef25_-1857"},{"type":"Feature","properties":{"for_rent_home_lease_averageprice":480.5282,"sa22016code":211041272,"dateyear":2020,"propertycategorisation":"House","for_sale_both_auction_private_treaty_averageprice":1069389.0,"datemonth":12,"sa22016name":"Vermont"},"id":"apm_sa2_2016_timeseries.fid--6db7a557_17930ebef25_-1856"},{"type":"Feature","properties":{"for_rent_home_lease_averageprice":529.3711,"sa22016code":211041273,"dateyear":2020,"propertycategorisation":"House","for_sale_both_auction_private_treaty_averageprice":1251326.0,"datemonth":12,"sa22016name":"Vermont South"},"id":"apm_sa2_2016_timeseries.fid--6db7a557_17930ebef25_-1855"},{"type":"Feature","properties":{"for_rent_home_lease_averageprice":478.7832,"sa22016code":209011203,"dateyear":2020,"propertycategorisation":"House","for_sale_both_auction_private_treaty_averageprice":872437.3,"datemonth":12,"sa22016name":"Viewbank - Yallambie"},"id":"apm_sa2_2016_timeseries.fid--6db7a557_17930ebef25_-1854"},{"type":"Feature","properties":{"for_rent_home_lease_averageprice":384.8325,"sa22016code":209041224,"dateyear":2020,"propertycategorisation":"House","for_sale_both_auction_private_treaty_averageprice":538301.8,"datemonth":12,"sa22016name":"Wallan"},"id":"apm_sa2_2016_timeseries.fid--6db7a557_17930ebef25_-1853"},{"type":"Feature","properties":{"for_rent_home_lease_averageprice":408.75,"sa22016code":211051285,"dateyear":2020,"propertycategorisation":"House","for_sale_both_auction_private_treaty_averageprice":811463.0,"datemonth":12,"sa22016name":"Wandin - Seville"},"id":"apm_sa2_2016_timeseries.fid--6db7a557_17930ebef25_-1852"},{"type":"Feature","properties":{"for_rent_home_lease_averageprice":477.4009,"sa22016code":211011259,"dateyear":2020,"propertycategorisation":"House","for_sale_both_auction_private_treaty_averageprice":844681.5,"datemonth":12,"sa22016name":"Wantirna"},"id":"apm_sa2_2016_timeseries.fid--6db7a557_17930ebef25_-1851"},{"type":"Feature","properties":{"for_rent_home_lease_averageprice":487.1737,"sa22016code":211011260,"dateyear":2020,"propertycategorisation":"House","for_sale_both_auction_private_treaty_averageprice":1001536.0,"datemonth":12,"sa22016name":"Wantirna South"},"id":"apm_sa2_2016_timeseries.fid--6db7a557_17930ebef25_-1850"},{"type":"Feature","properties":{"for_rent_home_lease_averageprice":741.125,"sa22016code":211021262,"dateyear":2020,"propertycategorisation":"House","for_sale_both_auction_private_treaty_averageprice":1533788.0,"datemonth":12,"sa22016name":"Warrandyte - Wonga Park"},"id":"apm_sa2_2016_timeseries.fid--6db7a557_17930ebef25_-184e"},{"type":"Feature","properties":{"for_rent_home_lease_averageprice":436.5101,"sa22016code":209011204,"dateyear":2020,"propertycategorisation":"House","for_sale_both_auction_private_treaty_averageprice":777744.3,"datemonth":12,"sa22016name":"Watsonia"},"id":"apm_sa2_2016_timeseries.fid--6db7a557_17930ebef25_-184d"},{"type":"Feature","properties":{"for_rent_home_lease_averageprice":507.75,"sa22016code":209031215,"dateyear":2020,"propertycategorisation":"House","for_sale_both_auction_private_treaty_averageprice":869106.6,"datemonth":12,"sa22016name":"Wattle Glen - Diamond Creek"},"id":"apm_sa2_2016_timeseries.fid--6db7a557_17930ebef25_-184c"},{"type":"Feature","properties":{"for_rent_home_lease_averageprice":343.5095,"sa22016code":213051467,"dateyear":2020,"propertycategorisation":"House","for_sale_both_auction_private_treaty_averageprice":511020.3,"datemonth":12,"sa22016name":"Werribee - East"},"id":"apm_sa2_2016_timeseries.fid--6db7a557_17930ebef25_-184b"},{"type":"Feature","properties":{"for_rent_home_lease_averageprice":385.4254,"sa22016code":213051368,"dateyear":2020,"propertycategorisation":"House","for_sale_both_auction_private_treaty_averageprice":656475.4,"datemonth":12,"sa22016name":"Werribee - South"},"id":"apm_sa2_2016_timeseries.fid--6db7a557_17930ebef25_-184a"},{"type":"Feature","properties":{"for_rent_home_lease_averageprice":371.72,"sa22016code":213051468,"dateyear":2020,"propertycategorisation":"House","for_sale_both_auction_private_treaty_averageprice":534568.8,"datemonth":12,"sa22016name":"Werribee - West"},"id":"apm_sa2_2016_timeseries.fid--6db7a557_17930ebef25_-1849"},{"type":"Feature","properties":{"for_rent_home_lease_averageprice":466.8522,"sa22016code":213031351,"dateyear":2020,"propertycategorisation":"House","for_sale_both_auction_private_treaty_averageprice":782455.9,"datemonth":12,"sa22016name":"West Footscray - Tottenham"},"id":"apm_sa2_2016_timeseries.fid--6db7a557_17930ebef25_-1848"},{"type":"Feature","properties":{"for_rent_home_lease_averageprice":530.2778,"sa22016code":212051327,"dateyear":2020,"propertycategorisation":"House","for_sale_both_auction_private_treaty_averageprice":1372276.0,"datemonth":12,"sa22016name":"Wheelers Hill"},"id":"apm_sa2_2016_timeseries.fid--6db7a557_17930ebef25_-1847"},{"type":"Feature","properties":{"for_rent_home_lease_averageprice":406.3934,"sa22016code":209041225,"dateyear":2020,"propertycategorisation":"House","for_sale_both_auction_private_treaty_averageprice":560442.4,"datemonth":12,"sa22016name":"Whittlesea"},"id":"apm_sa2_2016_timeseries.fid--6db7a557_17930ebef25_-1846"},{"type":"Feature","properties":{"for_rent_home_lease_averageprice":669.7015,"sa22016code":213021346,"dateyear":2020,"propertycategorisation":"House","for_sale_both_auction_private_treaty_averageprice":1491968.0,"datemonth":12,"sa22016name":"Williamstown"},"id":"apm_sa2_2016_timeseries.fid--6db7a557_17930ebef25_-1845"},{"type":"Feature","properties":{"for_rent_home_lease_averageprice":405.4107,"sa22016code":209041437,"dateyear":2020,"propertycategorisation":"House","for_sale_both_auction_private_treaty_averageprice":549537.7,"datemonth":12,"sa22016name":"Wollert"},"id":"apm_sa2_2016_timeseries.fid--6db7a557_17930ebef25_-1844"},{"type":"Feature","properties":{"for_rent_home_lease_averageprice":357.4153,"sa22016code":213051369,"dateyear":2020,"propertycategorisation":"House","for_sale_both_auction_private_treaty_averageprice":502681.8,"datemonth":12,"sa22016name":"Wyndham Vale"},"id":"apm_sa2_2016_timeseries.fid--6db7a557_17930ebef25_-1841"},{"type":"Feature","properties":{"for_rent_home_lease_averageprice":701.8831,"sa22016code":206071145,"dateyear":2020,"propertycategorisation":"House","for_sale_both_auction_private_treaty_averageprice":1443287.0,"datemonth":12,"sa22016name":"Yarra - North"},"id":"apm_sa2_2016_timeseries.fid--6db7a557_17930ebef25_-1840"},{"type":"Feature","properties":{"for_rent_home_lease_averageprice":363.6905,"sa22016code":211051286,"dateyear":2020,"propertycategorisation":"House","for_sale_both_auction_private_treaty_averageprice":591311.6,"datemonth":12,"sa22016name":"Yarra Valley"},"id":"apm_sa2_2016_timeseries.fid--6db7a557_17930ebef25_-183f"},{"type":"Feature","properties":{"for_rent_home_lease_averageprice":560.3216,"sa22016code":213031352,"dateyear":2020,"propertycategorisation":"House","for_sale_both_auction_private_treaty_averageprice":1042114.0,"datemonth":12,"sa22016name":"Yarraville"},"id":"apm_sa2_2016_timeseries.fid--6db7a557_17930ebef25_-183e"}]}