{"organisation":"APM_timeseries","name":"apm_sa2_2016_timeseries","title":"APM - Timeseries Property Data (SA2) 01/03/1994 - 31/01/2021","legal":{"copyrightYear":"2020","attributionYear":"2020","attribution":"{datasource.organisationTitle}, ({dataset.attributionYear}): {dataset.title}; accessed from AURIN on {dateOfAccess}.","clickthrough":true,"termsUrl":"https://apps.aurin.org.au/gate/copyright/APM/Schedule%201%20%E2%80%93%20New%20APM%20Terms%20of%20Use%20(updated%20June%202020).pdf","licenceType":"Data Licence (APM)","copyrightNotice":"&copy; {datasource.organisationTitle} {dataset.copyrightYear}","suggestedCitation":"{datasource.organisationTitle}, ({dataset.attributionYear}): {dataset.title}; accessed from AURIN on {dateOfAccess}."},"referenceSystemIdentifier":"urn:x-ogc:def:crs:EPSG:4283","geoLevel":"sa2_2016","key":"sa22016code","keyRegex":null,"availability":"true","geomField":"wkb_geometry","keyword":"33,3304,330403","theme":"housing","temporalExtent":{"beginDate":"1994-03-01T00:00:00","endDate":"2021-01-31T00:00:00","selectTime":false},"type":"dataset","_id":"dataset-APM_timeseries-apm_sa2_2016_timeseries-sa2_2016","bbox":[112.92,-43.74,159.11,-9.14],"abstract":"This dataset describes for sale, for rent listings and sold property data across Australia for the period 01/03/1994 - 31/01/2021. Each data point represents an aggregation of 12 months' worth of data and is reported monthly. It follows the Australian Statistical Geography Standard (ASGS) 2016 Statistical Area Level 2 (SA2) boundaries. <br/><br/>\n\nFor Sale/For Rent listings are available from 2003 for all states. APM sold data are available from: NSW, SA, QLD, ACT, WA since 1993, auction results in Sydney since 1989, VIC since 1985, NT since 1998 and TAS since 2003.<br/><br/> AURIN has spatially enabled the original data.","selectedAttributes":[{"name":"datemonth","type":"Integer","title":"Date Month","description":"Month of end date.","stype":"nominal","categories":[{"key":"1","label":"1"},{"key":"2","label":"2"},{"key":"3","label":"3"},{"key":"4","label":"4"},{"key":"5","label":"5"},{"key":"6","label":"6"},{"key":"7","label":"7"},{"key":"8","label":"8"},{"key":"9","label":"9"},{"key":"10","label":"10"},{"key":"11","label":"11"},{"key":"12","label":"12"}],"filterValue":"12","isDimension":true},{"name":"dateyear","type":"Integer","title":"Date Year","description":"Year of end date.","stype":"nominal","categories":[{"key":"1994","label":"1994"},{"key":"1995","label":"1995"},{"key":"1996","label":"1996"},{"key":"1997","label":"1997"},{"key":"1998","label":"1998"},{"key":"1999","label":"1999"},{"key":"2000","label":"2000"},{"key":"2001","label":"2001"},{"key":"2002","label":"2002"},{"key":"2003","label":"2003"},{"key":"2004","label":"2004"},{"key":"2005","label":"2005"},{"key":"2006","label":"2006"},{"key":"2007","label":"2007"},{"key":"2008","label":"2008"},{"key":"2009","label":"2009"},{"key":"2010","label":"2010"},{"key":"2011","label":"2011"},{"key":"2012","label":"2012"},{"key":"2013","label":"2013"},{"key":"2014","label":"2014"},{"key":"2015","label":"2015"},{"key":"2016","label":"2016"},{"key":"2017","label":"2017"},{"key":"2018","label":"2018"},{"key":"2019","label":"2019"},{"key":"2020","label":"2020"},{"key":"2021","label":"2021"}],"filterValue":"2020","isDimension":true},{"name":"propertycategorisation","type":"String","title":"Property Categorisation","description":"Category of property (House or Unit).","stype":"nominal","categories":[{"key":"House","label":"House"},{"key":"Unit","label":"Unit"}],"filterValue":"House","isDimension":true},{"name":"sa22016code","type":"Integer","title":"SA2 Code (2016)","description":"SA2 Code (2016)","stype":"nominal","isDimension":false},{"name":"for_sale_both_auction_private_treaty_averageprice","type":"Double","title":"Average Price (Sale)","description":"For Sale - Both Auction & Private Treaty. Sum of total values divided by the number of values observed","stype":"nominal","isDimension":false},{"name":"sa22016name","type":"String","title":"SA2 Name (2016)","description":"SA2 Name (2016)","stype":"nominal","isDimension":false},{"name":"for_rent_home_lease_averageprice","type":"Double","title":"Average Price (Rental)","description":"For Rent - Home Lease. Sum of total values divided by the number of values observed.","stype":"nominal","isDimension":false}],"filter":{"filterType":"tabular","where":"(datemonth IN ('12')) AND (dateyear IN ('2020')) AND (propertycategorisation IN ('House'))","feature":{"key":"sa22016code","geoLevel":"sa2_2016","geoField":"ignored","year":"2006","featureBbox":[144.33363404800002,-38.50298801599996,145.8784120140001,-37.17509899299995],"featureType":"gccsa_2016","featureInstance":"2GMEL","featureName":"Greater Melbourne","referenceSystemIdentifier":"urn:x-ogc:def:crs:EPSG:4283","prefix":"","keyTransform":null},"states":["2"]}}